{
    "node_id": "Root",
    "type_id": "DisplayObjectContainer",
    "locationX": 0,
    "locationY": 0,
    "scaleX": 1.0,
    "scaleY": 1.0,
    "rotation": 0.0,
    "alpha": 255,
    "sprite_file_path": "",
    "collidable": false,
    "isDynamic": false,
    "hitboxScaleX": 1.0,
    "hitboxScaleY": 1.0,
    "object_type": 0,
    "children": [
        {
            "node_id": "Background",
            "type_id": "DisplayObjectContainer",
            "locationX": 0,
            "locationY": 0,
            "scaleX": 1.0,
            "scaleY": 1.0,
            "rotation": 0.0,
            "alpha": 255,
            "sprite_file_path": "",
            "collidable": false,
            "isDynamic": false,
            "hitboxScaleX": 1.0,
            "hitboxScaleY": 1.0,
            "object_type": 0,
            "children": [
                {
                    "node_id": "sprite39",
                    "type_id": "AnimatedSprite",
                    "locationX": 0,
                    "locationY": 0,
                    "scaleX": 1.0,
                    "scaleY": 1.0,
                    "rotation": 0.0,
                    "alpha": 255,
                    "sprite_file_path": "resources/Sprites/page_bg.png",
                    "collidable": false,
                    "isDynamic": false,
                    "hitboxScaleX": 1.0,
                    "hitboxScaleY": 1.0,
                    "object_type": 0,
                    "children": []
                }
            ]
        },
        {
            "node_id": "Midground",
            "type_id": "DisplayObjectContainer",
            "locationX": 0,
            "locationY": 0,
            "scaleX": 1.0,
            "scaleY": 1.0,
            "rotation": 0.0,
            "alpha": 255,
            "sprite_file_path": "",
            "collidable": false,
            "isDynamic": false,
            "hitboxScaleX": 1.0,
            "hitboxScaleY": 1.0,
            "object_type": 0,
            "children": []
        },
        {
            "node_id": "Foreground",
            "type_id": "DisplayObjectContainer",
            "locationX": 0,
            "locationY": 0,
            "scaleX": 1.0,
            "scaleY": 1.0,
            "rotation": 0.0,
            "alpha": 255,
            "sprite_file_path": "",
            "collidable": false,
            "isDynamic": false,
            "hitboxScaleX": 1.0,
            "hitboxScaleY": 1.0,
            "object_type": 0,
            "children": [
                {
                    "node_id": "sprite40",
                    "type_id": "AnimatedSprite",
                    "locationX": 450,
                    "locationY": 50,
                    "scaleX": 1.0,
                    "scaleY": 1.0,
                    "rotation": 0.0,
                    "alpha": 255,
                    "sprite_file_path": "resources/Sprites/titles/area4/gd_3.png",
                    "collidable": false,
                    "isDynamic": false,
                    "hitboxScaleX": 1.0,
                    "hitboxScaleY": 1.0,
                    "object_type": 0,
                    "children": []
                },
                {
                    "node_id": "sprite41",
                    "type_id": "AnimatedSprite",
                    "locationX": 1025,
                    "locationY": 200,
                    "scaleX": 0.6450000000000076,
                    "scaleY": 1.0,
                    "rotation": 0.0,
                    "alpha": 255,
                    "sprite_file_path": "resources/Sprites/platforms/short1.PNG",
                    "collidable": false,
                    "isDynamic": false,
                    "hitboxScaleX": 1.0,
                    "hitboxScaleY": 1.0,
                    "object_type": 0,
                    "children": []
                },
                {
                    "node_id": "sprite43",
                    "type_id": "AnimatedSprite",
                    "locationX": 175,
                    "locationY": 375,
                    "scaleX": 0.7150000000000061,
                    "scaleY": 1.0,
                    "rotation": 0.0,
                    "alpha": 255,
                    "sprite_file_path": "resources/Sprites/platforms/short1.PNG",
                    "collidable": false,
                    "isDynamic": false,
                    "hitboxScaleX": 1.0,
                    "hitboxScaleY": 1.0,
                    "object_type": 0,
                    "children": []
                },
                {
                    "node_id": "sprite42",
                    "type_id": "AnimatedSprite",
                    "locationX": 850,
                    "locationY": 375,
                    "scaleX": 0.7400000000000055,
                    "scaleY": 1.0,
                    "rotation": 0.0,
                    "alpha": 255,
                    "sprite_file_path": "resources/Sprites/platforms/short1.PNG",
                    "collidable": false,
                    "isDynamic": false,
                    "hitboxScaleX": 1.0,
                    "hitboxScaleY": 1.0,
                    "object_type": 0,
                    "children": []
                },
                {
                    "node_id": "sprite45",
                    "type_id": "AnimatedSprite",
                    "locationX": 700,
                    "locationY": 550,
                    "scaleX": 0.6375000000000077,
                    "scaleY": 1.0,
                    "rotation": 0.0,
                    "alpha": 255,
                    "sprite_file_path": "resources/Sprites/platforms/short1.PNG",
                    "collidable": false,
                    "isDynamic": false,
                    "hitboxScaleX": 1.0,
                    "hitboxScaleY": 1.0,
                    "object_type": 0,
                    "children": []
                },
                {
                    "node_id": "sprite46",
                    "type_id": "AnimatedSprite",
                    "locationX": 350,
                    "locationY": 550,
                    "scaleX": 0.6175000000000082,
                    "scaleY": 1.0,
                    "rotation": 0.0,
                    "alpha": 255,
                    "sprite_file_path": "resources/Sprites/platforms/short1.PNG",
                    "collidable": false,
                    "isDynamic": false,
                    "hitboxScaleX": 1.0,
                    "hitboxScaleY": 1.0,
                    "object_type": 0,
                    "children": []
                },
                {
                    "node_id": "sprite47",
                    "type_id": "AnimatedSprite",
                    "locationX": 175,
                    "locationY": 700,
                    "scaleX": 0.670000000000007,
                    "scaleY": 1.0,
                    "rotation": 0.0,
                    "alpha": 255,
                    "sprite_file_path": "resources/Sprites/platforms/short1.PNG",
                    "collidable": false,
                    "isDynamic": false,
                    "hitboxScaleX": 1.0,
                    "hitboxScaleY": 1.0,
                    "object_type": 0,
                    "children": []
                },
                {
                    "node_id": "sprite48",
                    "type_id": "AnimatedSprite",
                    "locationX": 500,
                    "locationY": 700,
                    "scaleX": 0.7700000000000049,
                    "scaleY": 1.0,
                    "rotation": 0.0,
                    "alpha": 255,
                    "sprite_file_path": "resources/Sprites/platforms/short1.PNG",
                    "collidable": false,
                    "isDynamic": false,
                    "hitboxScaleX": 1.0,
                    "hitboxScaleY": 1.0,
                    "object_type": 0,
                    "children": []
                },
                {
                    "node_id": "sprite44",
                    "type_id": "AnimatedSprite",
                    "locationX": 500,
                    "locationY": 375,
                    "scaleX": 0.670000000000007,
                    "scaleY": 1.0,
                    "rotation": 0.0,
                    "alpha": 255,
                    "sprite_file_path": "resources/Sprites/platforms/short1.PNG",
                    "collidable": false,
                    "isDynamic": false,
                    "hitboxScaleX": 1.0,
                    "hitboxScaleY": 1.0,
                    "object_type": 0,
                    "children": []
                },
                {
                    "node_id": "sprite49",
                    "type_id": "AnimatedSprite",
                    "locationX": 850,
                    "locationY": 700,
                    "scaleX": 0.6975000000000065,
                    "scaleY": 1.0,
                    "rotation": 0.0,
                    "alpha": 255,
                    "sprite_file_path": "resources/Sprites/platforms/short1.PNG",
                    "collidable": false,
                    "isDynamic": false,
                    "hitboxScaleX": 1.0,
                    "hitboxScaleY": 1.0,
                    "object_type": 0,
                    "children": []
                },
                {
                    "node_id": "sprite52",
                    "type_id": "AnimatedSprite",
                    "locationX": 700,
                    "locationY": 875,
                    "scaleX": 0.670000000000007,
                    "scaleY": 1.0,
                    "rotation": 0.0,
                    "alpha": 255,
                    "sprite_file_path": "resources/Sprites/platforms/short1.PNG",
                    "collidable": false,
                    "isDynamic": false,
                    "hitboxScaleX": 1.0,
                    "hitboxScaleY": 1.0,
                    "object_type": 0,
                    "children": []
                },
                {
                    "node_id": "sprite50",
                    "type_id": "AnimatedSprite",
                    "locationX": 350,
                    "locationY": 875,
                    "scaleX": 0.6075000000000084,
                    "scaleY": 1.0,
                    "rotation": 0.0,
                    "alpha": 255,
                    "sprite_file_path": "resources/Sprites/platforms/short1.PNG",
                    "collidable": false,
                    "isDynamic": false,
                    "hitboxScaleX": 1.0,
                    "hitboxScaleY": 1.0,
                    "object_type": 0,
                    "children": []
                },
                {
                    "node_id": "sprite51",
                    "type_id": "AnimatedSprite",
                    "locationX": 175,
                    "locationY": 1050,
                    "scaleX": 0.812500000000004,
                    "scaleY": 1.0,
                    "rotation": 0.0,
                    "alpha": 255,
                    "sprite_file_path": "resources/Sprites/platforms/short1.PNG",
                    "collidable": false,
                    "isDynamic": false,
                    "hitboxScaleX": 1.0,
                    "hitboxScaleY": 1.0,
                    "object_type": 0,
                    "children": []
                },
                {
                    "node_id": "sprite59",
                    "type_id": "AnimatedSprite",
                    "locationX": 525,
                    "locationY": 1050,
                    "scaleX": 0.672500000000007,
                    "scaleY": 1.0,
                    "rotation": 0.0,
                    "alpha": 255,
                    "sprite_file_path": "resources/Sprites/platforms/short1.PNG",
                    "collidable": false,
                    "isDynamic": false,
                    "hitboxScaleX": 1.0,
                    "hitboxScaleY": 1.0,
                    "object_type": 0,
                    "children": []
                },
                {
                    "node_id": "sprite57",
                    "type_id": "AnimatedSprite",
                    "locationX": 850,
                    "locationY": 1050,
                    "scaleX": 0.6525000000000074,
                    "scaleY": 1.0,
                    "rotation": 0.0,
                    "alpha": 255,
                    "sprite_file_path": "resources/Sprites/platforms/short1.PNG",
                    "collidable": false,
                    "isDynamic": false,
                    "hitboxScaleX": 1.0,
                    "hitboxScaleY": 1.0,
                    "object_type": 0,
                    "children": []
                },
                {
                    "node_id": "sprite55",
                    "type_id": "AnimatedSprite",
                    "locationX": 350,
                    "locationY": 1225,
                    "scaleX": 0.6775000000000069,
                    "scaleY": 1.0,
                    "rotation": 0.0,
                    "alpha": 255,
                    "sprite_file_path": "resources/Sprites/platforms/short1.PNG",
                    "collidable": false,
                    "isDynamic": false,
                    "hitboxScaleX": 1.0,
                    "hitboxScaleY": 1.0,
                    "object_type": 0,
                    "children": []
                },
                {
                    "node_id": "sprite53",
                    "type_id": "AnimatedSprite",
                    "locationX": 725,
                    "locationY": 1225,
                    "scaleX": 0.6650000000000071,
                    "scaleY": 1.0,
                    "rotation": 0.0,
                    "alpha": 255,
                    "sprite_file_path": "resources/Sprites/platforms/short1.PNG",
                    "collidable": false,
                    "isDynamic": false,
                    "hitboxScaleX": 1.0,
                    "hitboxScaleY": 1.0,
                    "object_type": 0,
                    "children": []
                },
                {
                    "node_id": "sprite56",
                    "type_id": "AnimatedSprite",
                    "locationX": 175,
                    "locationY": 1400,
                    "scaleX": 0.8350000000000035,
                    "scaleY": 1.0,
                    "rotation": 0.0,
                    "alpha": 255,
                    "sprite_file_path": "resources/Sprites/platforms/short1.PNG",
                    "collidable": false,
                    "isDynamic": false,
                    "hitboxScaleX": 1.0,
                    "hitboxScaleY": 1.0,
                    "object_type": 0,
                    "children": []
                },
                {
                    "node_id": "sprite54",
                    "type_id": "AnimatedSprite",
                    "locationX": 525,
                    "locationY": 1400,
                    "scaleX": 0.7850000000000046,
                    "scaleY": 1.0,
                    "rotation": 0.0,
                    "alpha": 255,
                    "sprite_file_path": "resources/Sprites/platforms/short1.PNG",
                    "collidable": false,
                    "isDynamic": false,
                    "hitboxScaleX": 1.0,
                    "hitboxScaleY": 1.0,
                    "object_type": 0,
                    "children": []
                },
                {
                    "node_id": "sprite58",
                    "type_id": "AnimatedSprite",
                    "locationX": 850,
                    "locationY": 1400,
                    "scaleX": 0.720000000000006,
                    "scaleY": 1.0,
                    "rotation": 0.0,
                    "alpha": 255,
                    "sprite_file_path": "resources/Sprites/platforms/short1.PNG",
                    "collidable": false,
                    "isDynamic": false,
                    "hitboxScaleX": 1.0,
                    "hitboxScaleY": 1.0,
                    "object_type": 0,
                    "children": []
                },
                {
                    "node_id": "sprite60",
                    "type_id": "AnimatedSprite",
                    "locationX": -50,
                    "locationY": 1550,
                    "scaleX": 0.9850000000000003,
                    "scaleY": 1.0,
                    "rotation": 0.0,
                    "alpha": 255,
                    "sprite_file_path": "resources/Sprites/platforms/long1.PNG",
                    "collidable": false,
                    "isDynamic": false,
                    "hitboxScaleX": 1.0,
                    "hitboxScaleY": 1.0,
                    "object_type": 0,
                    "children": []
                },
                {
                    "node_id": "sprite61",
                    "type_id": "AnimatedSprite",
                    "locationX": 750,
                    "locationY": 300,
                    "scaleX": 1.0,
                    "scaleY": 1.0,
                    "rotation": 0.0,
                    "alpha": 255,
                    "sprite_file_path": "resources/Sprites/enemies/glitch.png",
                    "collidable": false,
                    "isDynamic": false,
                    "hitboxScaleX": 1.0,
                    "hitboxScaleY": 1.0,
                    "object_type": 0,
                    "children": []
                },
                {
                    "node_id": "sprite62",
                    "type_id": "AnimatedSprite",
                    "locationX": 475,
                    "locationY": 450,
                    "scaleX": 1.0,
                    "scaleY": 1.0,
                    "rotation": 0.0,
                    "alpha": 255,
                    "sprite_file_path": "resources/Sprites/enemies/glitch.png",
                    "collidable": false,
                    "isDynamic": false,
                    "hitboxScaleX": 1.0,
                    "hitboxScaleY": 1.0,
                    "object_type": 0,
                    "children": []
                },
                {
                    "node_id": "sprite63",
                    "type_id": "AnimatedSprite",
                    "locationX": 600,
                    "locationY": 600,
                    "scaleX": 1.0,
                    "scaleY": 1.0,
                    "rotation": 0.0,
                    "alpha": 255,
                    "sprite_file_path": "resources/Sprites/enemies/glitch.png",
                    "collidable": false,
                    "isDynamic": false,
                    "hitboxScaleX": 1.0,
                    "hitboxScaleY": 1.0,
                    "object_type": 0,
                    "children": []
                },
                {
                    "node_id": "sprite64",
                    "type_id": "AnimatedSprite",
                    "locationX": 925,
                    "locationY": 600,
                    "scaleX": 1.0,
                    "scaleY": 1.0,
                    "rotation": 0.0,
                    "alpha": 255,
                    "sprite_file_path": "resources/Sprites/enemies/glitch.png",
                    "collidable": false,
                    "isDynamic": false,
                    "hitboxScaleX": 1.0,
                    "hitboxScaleY": 1.0,
                    "object_type": 0,
                    "children": []
                },
                {
                    "node_id": "sprite65",
                    "type_id": "AnimatedSprite",
                    "locationX": 575,
                    "locationY": 800,
                    "scaleX": 1.0,
                    "scaleY": 1.0,
                    "rotation": 0.0,
                    "alpha": 255,
                    "sprite_file_path": "resources/Sprites/enemies/glitch.png",
                    "collidable": false,
                    "isDynamic": false,
                    "hitboxScaleX": 1.0,
                    "hitboxScaleY": 1.0,
                    "object_type": 0,
                    "children": []
                },
                {
                    "node_id": "sprite66",
                    "type_id": "AnimatedSprite",
                    "locationX": 900,
                    "locationY": 1300,
                    "scaleX": 1.0,
                    "scaleY": 1.0,
                    "rotation": 0.0,
                    "alpha": 255,
                    "sprite_file_path": "resources/Sprites/enemies/glitch.png",
                    "collidable": false,
                    "isDynamic": false,
                    "hitboxScaleX": 1.0,
                    "hitboxScaleY": 1.0,
                    "object_type": 0,
                    "children": []
                },
                {
                    "node_id": "sprite67",
                    "type_id": "AnimatedSprite",
                    "locationX": 1075,
                    "locationY": 125,
                    "scaleX": 1.0,
                    "scaleY": 1.0,
                    "rotation": 0.0,
                    "alpha": 255,
                    "sprite_file_path": "resources/Sprites/objects/flag.PNG",
                    "collidable": false,
                    "isDynamic": false,
                    "hitboxScaleX": 1.0,
                    "hitboxScaleY": 1.0,
                    "object_type": 0,
                    "children": []
                },
                {
                    "node_id": "player",
                    "type_id": "Player",
                    "locationX": 1075,
                    "locationY": 1425,
                    "scaleX": 1.0,
                    "scaleY": 1.0,
                    "rotation": 0.0,
                    "alpha": 255,
                    "sprite_file_path": "resources/Sprites/character/idle_1.png",
                    "collidable": false,
                    "isDynamic": false,
                    "hitboxScaleX": 1.0,
                    "hitboxScaleY": 1.0,
                    "object_type": 0,
                    "children": []
                }
            ]
        }
    ]
}