{
    "node_id": "Root",
    "type_id": "DisplayObjectContainer",
    "locationX": 0,
    "locationY": 0,
    "scaleX": 1.0,
    "scaleY": 1.0,
    "rotation": 0.0,
    "alpha": 255,
    "sprite_file_path": "",
    "collidable": false,
    "isDynamic": false,
    "hitboxScaleX": 1.0,
    "hitboxScaleY": 1.0,
    "object_type": 0,
    "children": [
        {
            "node_id": "Background",
            "type_id": "DisplayObjectContainer", "sprite_type": "default",
            "locationX": 0,
            "locationY": 0,
            "scaleX": 1.0,
            "scaleY": 1.0,
            "rotation": 0.0,
            "alpha": 255,
            "sprite_file_path": "",
            "collidable": false,
            "isDynamic": false,
            "hitboxScaleX": 1.0,
            "hitboxScaleY": 1.0,
            "object_type": 0,
            "children": [
                {
                    "node_id": "sprite0",
                    "type_id": "AnimatedSprite",
                    "locationX": 0,
                    "locationY": 0,
                    "scaleX": 1.0,
                    "scaleY": 1.0,
                    "rotation": 0.0,
                    "alpha": 255,
                    "sprite_file_path": "resources/Sprites/page_bg.png",
                    "collidable": false,
                    "isDynamic": false,
                    "hitboxScaleX": 1.0,
                    "hitboxScaleY": 1.0,
                    "object_type": 0,
                    "children": []
                }
            ]
        },
        {
            "node_id": "Midground",
            "type_id": "DisplayObjectContainer", "sprite_type": "default",
            "locationX": 0,
            "locationY": 0,
            "scaleX": 1.0,
            "scaleY": 1.0,
            "rotation": 0.0,
            "alpha": 255,
            "sprite_file_path": "",
            "collidable": false,
            "isDynamic": false,
            "hitboxScaleX": 1.0,
            "hitboxScaleY": 1.0,
            "object_type": 0,
            "children": []
        },
        {
            "node_id": "Foreground",
            "type_id": "DisplayObjectContainer", "sprite_type": "default",
            "locationX": 0,
            "locationY": 0,
            "scaleX": 1.0,
            "scaleY": 1.0,
            "rotation": 0.0,
            "alpha": 255,
            "sprite_file_path": "",
            "collidable": false,
            "isDynamic": false,
            "hitboxScaleX": 1.0,
            "hitboxScaleY": 1.0,
            "object_type": 0,
            "children": [
                {
                    "node_id": "sprite1",
                    "type_id": "AnimatedSprite",
                    "locationX": 475,
                    "locationY": 50,
                    "scaleX": 1.0,
                    "scaleY": 1.0,
                    "rotation": 0.0,
                    "alpha": 255,
                    "sprite_file_path": "resources/Sprites/titles/area4/gd_1.png",
                    "collidable": false,
                    "isDynamic": false,
                    "hitboxScaleX": 1.0,
                    "hitboxScaleY": 1.0,
                    "object_type": 0,
                    "children": []
                },
                {
                    "node_id": "sprite2",
                    "type_id": "AnimatedSprite",
                    "locationX": 375,
                    "locationY": 200,
                    "scaleX": 0.6525000000000074,
                    "scaleY": 1.0,
                    "rotation": 0.0,
                    "alpha": 255,
                    "sprite_file_path": "resources/Sprites/platforms/long1.PNG",
                    "collidable": false,
                    "isDynamic": false,
                    "hitboxScaleX": 1.0,
                    "hitboxScaleY": 1.0,
                    "object_type": 0,
                    "children": []
                },
                {
                    "node_id": "sprite3",
                    "type_id": "AnimatedSprite",
                    "locationX": 0,
                    "locationY": 425,
                    "scaleX": 0.6575000000000073,
                    "scaleY": 1.0,
                    "rotation": 0.0,
                    "alpha": 255,
                    "sprite_file_path": "resources/Sprites/platforms/long1.PNG",
                    "collidable": false,
                    "isDynamic": false,
                    "hitboxScaleX": 1.0,
                    "hitboxScaleY": 1.0,
                    "object_type": 0,
                    "children": []
                },
                {
                    "node_id": "sprite4",
                    "type_id": "AnimatedSprite",
                    "locationX": 925,
                    "locationY": 575,
                    "scaleX": 0.812500000000004,
                    "scaleY": 1.0,
                    "rotation": 0.0,
                    "alpha": 255,
                    "sprite_file_path": "resources/Sprites/platforms/short1.PNG",
                    "collidable": false,
                    "isDynamic": false,
                    "hitboxScaleX": 1.0,
                    "hitboxScaleY": 1.0,
                    "object_type": 0,
                    "children": []
                },
                {
                    "node_id": "sprite8",
                    "type_id": "AnimatedSprite",
                    "locationX": 0,
                    "locationY": 1250,
                    "scaleX": 0.8175000000000039,
                    "scaleY": 1.0,
                    "rotation": 0.0,
                    "alpha": 255,
                    "sprite_file_path": "resources/Sprites/platforms/long1.PNG",
                    "collidable": false,
                    "isDynamic": false,
                    "hitboxScaleX": 1.0,
                    "hitboxScaleY": 1.0,
                    "object_type": 0,
                    "children": []
                },
                {
                    "node_id": "sprite9",
                    "type_id": "AnimatedSprite",
                    "locationX": 900,
                    "locationY": 1500,
                    "scaleX": 1.1049999999999978,
                    "scaleY": 1.0,
                    "rotation": 0.0,
                    "alpha": 255,
                    "sprite_file_path": "resources/Sprites/platforms/short1.PNG",
                    "collidable": false,
                    "isDynamic": false,
                    "hitboxScaleX": 1.0,
                    "hitboxScaleY": 1.0,
                    "object_type": 0,
                    "children": []
                },
                {
                    "node_id": "sprite10",
                    "type_id": "AnimatedSprite",
                    "locationX": 1025,
                    "locationY": 1425,
                    "scaleX": 1.0,
                    "scaleY": 1.0,
                    "rotation": 0.0,
                    "alpha": 255,
                    "sprite_file_path": "resources/Sprites/objects/flag.PNG",
                    "collidable": false,
                    "isDynamic": false,
                    "hitboxScaleX": 1.0,
                    "hitboxScaleY": 1.0,
                    "object_type": 0,
                    "children": []
                },
                {
                    "node_id": "sprite11",
                    "type_id": "EnvironmentalObject",
                    "locationX": 50,
                    "locationY": 1175,
                    "scaleX": 0.07000000000001028,
                    "scaleY": 0.07750000000001028,
                    "rotation": 0.0,
                    "alpha": 255,
                    "sprite_file_path": "resources/Sprites/objects/buldalk.png",
                    "collidable": false,
                    "isDynamic": false,
                    "hitboxScaleX": 1.0,
                    "hitboxScaleY": 1.0,
                    "object_type": 0,
                    "children": []
                },
                {
                    "node_id": "sprite12",
                    "type_id": "AnimatedSprite",
                    "locationX": 650,
                    "locationY": 275,
                    "scaleX": 0.3200000000000105,
                    "scaleY": 0.3100000000000105,
                    "rotation": 0.0,
                    "alpha": 255,
                    "sprite_file_path": "resources/Sprites/enemies/matrix.PNG",
                    "collidable": false,
                    "isDynamic": false,
                    "hitboxScaleX": 1.0,
                    "hitboxScaleY": 1.0,
                    "object_type": 0,
                    "children": []
                },
                {
                    "node_id": "sprite14",
                    "type_id": "AnimatedSprite",
                    "locationX": 25,
                    "locationY": 850,
                    "scaleX": 0.7875000000000045,
                    "scaleY": 0.8075000000000041,
                    "rotation": 0.0,
                    "alpha": 255,
                    "sprite_file_path": "resources/Sprites/enemies/matrix.PNG",
                    "collidable": false,
                    "isDynamic": false,
                    "hitboxScaleX": 1.0,
                    "hitboxScaleY": 1.0,
                    "object_type": 0,
                    "children": []
                },
                {
                    "node_id": "sprite13",
                    "type_id": "AnimatedSprite",
                    "locationX": 750,
                    "locationY": 600,
                    "scaleX": 0.3175000000000105,
                    "scaleY": 0.3150000000000105,
                    "rotation": 0.0,
                    "alpha": 255,
                    "sprite_file_path": "resources/Sprites/enemies/matrix.PNG",
                    "collidable": false,
                    "isDynamic": false,
                    "hitboxScaleX": 1.0,
                    "hitboxScaleY": 1.0,
                    "object_type": 0,
                    "children": []
                },
                {
                    "node_id": "sprite5",
                    "type_id": "AnimatedSprite",
                    "locationX": 750,
                    "locationY": 750,
                    "scaleX": 0.8400000000000034,
                    "scaleY": 1.0,
                    "rotation": 0.0,
                    "alpha": 255,
                    "sprite_file_path": "resources/Sprites/platforms/short1.PNG",
                    "collidable": false,
                    "isDynamic": false,
                    "hitboxScaleX": 1.0,
                    "hitboxScaleY": 1.0,
                    "object_type": 0,
                    "children": []
                },
                {
                    "node_id": "sprite6",
                    "type_id": "AnimatedSprite",
                    "locationX": 575,
                    "locationY": 925,
                    "scaleX": 0.8625000000000029,
                    "scaleY": 1.0,
                    "rotation": 0.0,
                    "alpha": 255,
                    "sprite_file_path": "resources/Sprites/platforms/short1.PNG",
                    "collidable": false,
                    "isDynamic": false,
                    "hitboxScaleX": 1.0,
                    "hitboxScaleY": 1.0,
                    "object_type": 0,
                    "children": []
                },
                {
                    "node_id": "sprite7",
                    "type_id": "AnimatedSprite",
                    "locationX": 425,
                    "locationY": 1100,
                    "scaleX": 0.8700000000000028,
                    "scaleY": 1.0174999999999997,
                    "rotation": 0.0,
                    "alpha": 255,
                    "sprite_file_path": "resources/Sprites/platforms/short1.PNG",
                    "collidable": false,
                    "isDynamic": false,
                    "hitboxScaleX": 1.0,
                    "hitboxScaleY": 1.0,
                    "object_type": 0,
                    "children": []
                },
                {
                    "node_id": "sprite15",
                    "type_id": "AnimatedSprite",
                    "locationX": 800,
                    "locationY": 1100,
                    "scaleX": 0.3075000000000105,
                    "scaleY": 0.3125000000000105,
                    "rotation": 0.0,
                    "alpha": 255,
                    "sprite_file_path": "resources/Sprites/enemies/matrix.PNG",
                    "collidable": false,
                    "isDynamic": false,
                    "hitboxScaleX": 1.0,
                    "hitboxScaleY": 1.0,
                    "object_type": 0,
                    "children": []
                },
                {
                    "node_id": "player",
                    "type_id": "Player",
                    "locationX": 400,
                    "locationY": 75,
                    "scaleX": 1.0,
                    "scaleY": 1.0,
                    "rotation": 0.0,
                    "alpha": 255,
                    "sprite_file_path": "resources/Sprites/character/idle_1.png",
                    "collidable": false,
                    "isDynamic": false,
                    "hitboxScaleX": 1.0,
                    "hitboxScaleY": 1.0,
                    "object_type": 0,
                    "children": []
                }
            ]
        }
    ]
}