{
    "node_id": "Root",
    "type_id": "DisplayObjectContainer",
    "locationX": 0,
    "locationY": 0,
    "scaleX": 1,
    "scaleY": 1,
    "rotation": 0,
    "alpha": 255,
    "sprite_file_path": "",
    "children": [
        {
            "node_id": "Background",
            "type_id": "Layer",
            "locationX": 0,
            "locationY": 0,
            "scaleX": 1,
            "scaleY": 1,
            "rotation": 0,
            "alpha": 255,
            "sprite_file_path": "",
			"scroll_rate": 1,
            "children" : [
			{
              "node_id": "pencil_100",
              "type_id": "Sprite",
              "locationX": 0,
              "locationY": 0,
              "scaleX": 0.5,
              "scaleY": 0.5,
              "rotation": 0,
              "alpha": 255,
              "sprite_file_path": "./resources/UI/assets/pencil_100.png",
              "children": []
            },
			{
              "node_id": "pencil_90",
              "type_id": "Sprite",
              "locationX": 0,
              "locationY": 0,
              "scaleX": 0.5,
              "scaleY": 0.5,
              "rotation": 0,
              "alpha": 0,
              "sprite_file_path": "./resources/UI/assets/pencil_90.png",
              "children": []
            },
			{
              "node_id": "pencil_80",
              "type_id": "Sprite",
              "locationX": 0,
              "locationY": 0,
              "scaleX": 0.5,
              "scaleY": 0.5,
              "rotation": 0,
              "alpha": 0,
              "sprite_file_path": "./resources/UI/assets/pencil_80.png",
              "children": []
            },
			{
              "node_id": "pencil_70",
              "type_id": "Sprite",
              "locationX": 0,
              "locationY": 0,
              "scaleX": 0.5,
              "scaleY": 0.5,
              "rotation": 0,
              "alpha": 0,
              "sprite_file_path": "./resources/UI/assets/pencil_70.png",
              "children": []
            },
			{
              "node_id": "pencil_60",
              "type_id": "Sprite",
              "locationX": 0,
              "locationY": 0,
              "scaleX": 0.5,
              "scaleY": 0.5,
              "rotation": 0,
              "alpha": 0,
              "sprite_file_path": "./resources/UI/assets/pencil_60.png",
              "children": []
            },
			{
              "node_id": "pencil_50",
              "type_id": "Sprite",
              "locationX": 0,
              "locationY": 0,
              "scaleX": 0.5,
              "scaleY": 0.5,
              "rotation": 0,
              "alpha": 0,
              "sprite_file_path": "./resources/UI/assets/pencil_50.png",
              "children": []
            },
			{
              "node_id": "pencil_40",
              "type_id": "Sprite",
              "locationX": 0,
              "locationY": 0,
              "scaleX": 0.5,
              "scaleY": 0.5,
              "rotation": 0,
              "alpha": 0,
              "sprite_file_path": "./resources/UI/assets/pencil_40.png",
              "children": []
            },
			{
              "node_id": "pencil_30",
              "type_id": "Sprite",
              "locationX": 0,
              "locationY": 0,
              "scaleX": 0.5,
              "scaleY": 0.5,
              "rotation": 0,
              "alpha": 0,
              "sprite_file_path": "./resources/UI/assets/pencil_30.png",
              "children": []
            },
			{
              "node_id": "pencil_20",
              "type_id": "Sprite",
              "locationX": 0,
              "locationY": 0,
              "scaleX": 0.5,
              "scaleY": 0.5,
              "rotation": 0,
              "alpha": 0,
              "sprite_file_path": "./resources/UI/assets/pencil_20.png",
              "children": []
            },
			{
              "node_id": "pencil_10",
              "type_id": "Sprite",
              "locationX": 0,
              "locationY": 0,
              "scaleX": 0.5,
              "scaleY": 0.5,
              "rotation": 0,
              "alpha": 0,
              "sprite_file_path": "./resources/UI/assets/pencil_10.png",
              "children": []
            },
			{
              "node_id": "pencil_0",
              "type_id": "Sprite",
              "locationX": 0,
              "locationY": 0,
              "scaleX": 0.5,
              "scaleY": 0.5,
              "rotation": 0,
              "alpha": 0,
              "sprite_file_path": "./resources/UI/assets/pencil_0.png",
              "children": []
            }
			]
        },
        {
            "node_id": "Midground",
            "type_id": "Layer",
            "locationX": 0,
            "locationY": 0,
            "scaleX": 1,
            "scaleY": 1,
            "rotation": 0,
            "alpha": 255,
            "sprite_file_path": "",
			"scroll_rate": 1,
            "children": []
        },
        {
            "node_id": "Foreground",
            "type_id": "Layer",
            "locationX": 0,
            "locationY": 0,
            "scaleX": 1,
            "scaleY": 1,
            "rotation": 0,
            "alpha": 255,
            "sprite_file_path": "",
			"scroll_rate": 1.0,
          "children": []
        }
    ]
}