{
    "node_id": "Root",
    "type_id": "DisplayObjectContainer",
    "sprite_type": "default",
    "locationX": 0,
    "locationY": 0,
    "scaleX": 1.0,
    "scaleY": 1.0,
    "rotation": 0.0,
    "alpha": 255,
    "sprite_file_path": "",
    "collidable": false,
    "isDynamic": false,
    "hitboxScaleX": 1.0,
    "hitboxScaleY": 1.0,
    "object_type": 0,
    "children": [
        {
            "node_id": "Background",
            "type_id": "DisplayObjectContainer",
            "sprite_type": "default",
            "locationX": 0,
            "locationY": 0,
            "scaleX": 1.0,
            "scaleY": 1.0,
            "rotation": 0.0,
            "alpha": 255,
            "sprite_file_path": "",
            "collidable": false,
            "isDynamic": false,
            "hitboxScaleX": 1.0,
            "hitboxScaleY": 1.0,
            "object_type": 0,
            "children": [
                {
                    "node_id": "sprite0",
                    "type_id": "AnimatedSprite",
                    "sprite_type": "default",
                    "locationX": 0,
                    "locationY": 0,
                    "scaleX": 1.0,
                    "scaleY": 1.0,
                    "rotation": 0.0,
                    "alpha": 255,
                    "sprite_file_path": "resources/Sprites/page_bg.png",
                    "collidable": false,
                    "isDynamic": false,
                    "hitboxScaleX": 1.0,
                    "hitboxScaleY": 1.0,
                    "object_type": 0,
                    "children": []
                }
            ]
        },
        {
            "node_id": "Midground",
            "type_id": "DisplayObjectContainer",
            "sprite_type": "default",
            "locationX": 0,
            "locationY": 0,
            "scaleX": 1.0,
            "scaleY": 1.0,
            "rotation": 0.0,
            "alpha": 255,
            "sprite_file_path": "",
            "collidable": false,
            "isDynamic": false,
            "hitboxScaleX": 1.0,
            "hitboxScaleY": 1.0,
            "object_type": 0,
            "children": []
        },
        {
            "node_id": "Foreground",
            "type_id": "DisplayObjectContainer",
            "sprite_type": "default",
            "locationX": 0,
            "locationY": 0,
            "scaleX": 1.0,
            "scaleY": 1.0,
            "rotation": 0.0,
            "alpha": 255,
            "sprite_file_path": "",
            "collidable": false,
            "isDynamic": false,
            "hitboxScaleX": 1.0,
            "hitboxScaleY": 1.0,
            "object_type": 0,
            "children": [
                {
                    "node_id": "sprite11",
                    "type_id": "AnimatedSprite",
                    "sprite_type": "default",
                    "locationX": 928,
                    "locationY": 409,
                    "scaleX": 1.0,
                    "scaleY": 1.0,
                    "rotation": 0.0,
                    "alpha": 255,
                    "sprite_file_path": "resources/Sprites/platforms/short1.PNG",
                    "collidable": false,
                    "isDynamic": false,
                    "hitboxScaleX": 1.0,
                    "hitboxScaleY": 1.0,
                    "object_type": 0,
                    "children": []
                },
                {
                    "node_id": "sprite10",
                    "type_id": "AnimatedSprite",
                    "sprite_type": "default",
                    "locationX": 1,
                    "locationY": 622,
                    "scaleX": 1.0,
                    "scaleY": 1.0,
                    "rotation": 0.0,
                    "alpha": 255,
                    "sprite_file_path": "resources/Sprites/platforms/short1.PNG",
                    "collidable": false,
                    "isDynamic": false,
                    "hitboxScaleX": 1.0,
                    "hitboxScaleY": 1.0,
                    "object_type": 0,
                    "children": []
                },
                {
                    "node_id": "sprite15",
                    "type_id": "AnimatedSprite",
                    "sprite_type": "default",
                    "locationX": 637,
                    "locationY": 701,
                    "scaleX": 1.0,
                    "scaleY": 1.0,
                    "rotation": 0.0,
                    "alpha": 255,
                    "sprite_file_path": "resources/Sprites/platforms/short1.PNG",
                    "collidable": false,
                    "isDynamic": false,
                    "hitboxScaleX": 1.0,
                    "hitboxScaleY": 1.0,
                    "object_type": 0,
                    "children": []
                },
                {
                    "node_id": "sprite14",
                    "type_id": "AnimatedSprite",
                    "sprite_type": "default",
                    "locationX": 296,
                    "locationY": 833,
                    "scaleX": 1.0,
                    "scaleY": 1.0,
                    "rotation": 0.0,
                    "alpha": 255,
                    "sprite_file_path": "resources/Sprites/platforms/short1.PNG",
                    "collidable": false,
                    "isDynamic": false,
                    "hitboxScaleX": 1.0,
                    "hitboxScaleY": 1.0,
                    "object_type": 0,
                    "children": []
                },
                {
                    "node_id": "sprite8",
                    "type_id": "AnimatedSprite",
                    "sprite_type": "default",
                    "locationX": 0,
                    "locationY": 284,
                    "scaleX": 1.1799999475479127,
                    "scaleY": 1.0,
                    "rotation": 0.0,
                    "alpha": 255,
                    "sprite_file_path": "resources/Sprites/platforms/short1.PNG",
                    "collidable": false,
                    "isDynamic": false,
                    "hitboxScaleX": 1.0,
                    "hitboxScaleY": 1.0,
                    "object_type": 0,
                    "children": []
                },
                {
                    "node_id": "sprite12",
                    "type_id": "AnimatedSprite",
                    "sprite_type": "default",
                    "locationX": 292,
                    "locationY": 496,
                    "scaleX": 1.0,
                    "scaleY": 1.0,
                    "rotation": 0.0,
                    "alpha": 255,
                    "sprite_file_path": "resources/Sprites/platforms/short1.PNG",
                    "collidable": false,
                    "isDynamic": false,
                    "hitboxScaleX": 1.0,
                    "hitboxScaleY": 1.0,
                    "object_type": 0,
                    "children": []
                },
                {
                    "node_id": "sprite16",
                    "type_id": "AnimatedSprite",
                    "sprite_type": "default",
                    "locationX": 813,
                    "locationY": 954,
                    "scaleX": 1.4474999904632569,
                    "scaleY": 1.0,
                    "rotation": 0.0,
                    "alpha": 255,
                    "sprite_file_path": "resources/Sprites/platforms/short1.PNG",
                    "collidable": false,
                    "isDynamic": false,
                    "hitboxScaleX": 1.0,
                    "hitboxScaleY": 1.0,
                    "object_type": 0,
                    "children": []
                },
                {
                    "node_id": "sprite17",
                    "type_id": "AnimatedSprite",
                    "sprite_type": "default",
                    "locationX": 170,
                    "locationY": 1130,
                    "scaleX": 1.0,
                    "scaleY": 1.0,
                    "rotation": 0.0,
                    "alpha": 255,
                    "sprite_file_path": "resources/Sprites/platforms/short1.PNG",
                    "collidable": false,
                    "isDynamic": false,
                    "hitboxScaleX": 1.0,
                    "hitboxScaleY": 1.0,
                    "object_type": 0,
                    "children": []
                },
                {
                    "node_id": "sprite18",
                    "type_id": "AnimatedSprite",
                    "sprite_type": "default",
                    "locationX": 568,
                    "locationY": 1176,
                    "scaleX": 0.6299999952316284,
                    "scaleY": 1.0,
                    "rotation": 0.0,
                    "alpha": 255,
                    "sprite_file_path": "resources/Sprites/platforms/short1.PNG",
                    "collidable": false,
                    "isDynamic": false,
                    "hitboxScaleX": 1.0,
                    "hitboxScaleY": 1.0,
                    "object_type": 0,
                    "children": []
                },
                {
                    "node_id": "sprite23",
                    "type_id": "AnimatedSprite",
                    "sprite_type": "default",
                    "locationX": 738,
                    "locationY": 1295,
                    "scaleX": 1.7274999618530274,
                    "scaleY": 1.0,
                    "rotation": 0.0,
                    "alpha": 255,
                    "sprite_file_path": "resources/Sprites/platforms/short1.PNG",
                    "collidable": false,
                    "isDynamic": false,
                    "hitboxScaleX": 1.0,
                    "hitboxScaleY": 1.0,
                    "object_type": 0,
                    "children": []
                },
                {
                    "node_id": "sprite24",
                    "type_id": "AnimatedSprite",
                    "sprite_type": "default",
                    "locationX": 170,
                    "locationY": 1473,
                    "scaleX": 1.0,
                    "scaleY": 1.0,
                    "rotation": 0.0,
                    "alpha": 255,
                    "sprite_file_path": "resources/Sprites/platforms/short1.PNG",
                    "collidable": false,
                    "isDynamic": false,
                    "hitboxScaleX": 1.0,
                    "hitboxScaleY": 1.0,
                    "object_type": 0,
                    "children": []
                },
                {
                    "node_id": "player",
                    "type_id": "Player",
                    "sprite_type": "default",
                    "locationX": 175,
                    "locationY": 915,
                    "scaleX": 1.225000023841858,
                    "scaleY": 1.225000023841858,
                    "rotation": 0.0,
                    "alpha": 255,
                    "sprite_file_path": "resources/Sprites/character/idle_1.png",
                    "collidable": false,
                    "isDynamic": false,
                    "hitboxScaleX": 1.0,
                    "hitboxScaleY": 1.0,
                    "object_type": 0,
                    "children": []
                },
                {
                    "node_id": "eigenvector",
                    "type_id": "AnimatedSprite",
                    "sprite_type": "default",
                    "locationX": 746,
                    "locationY": 560,
                    "scaleX": 0.14499999582767487,
                    "scaleY": 0.14499999582767487,
                    "rotation": 0.0,
                    "alpha": 255,
                    "sprite_file_path": "resources/Sprites/objects/eigenvector.PNG",
                    "collidable": false,
                    "isDynamic": false,
                    "hitboxScaleX": 1.0,
                    "hitboxScaleY": 1.0,
                    "object_type": 0,
                    "children": []
                },
                {
                    "node_id": "corollary_bottom",
                    "type_id": "AnimatedSprite",
                    "sprite_type": "default",
                    "locationX": 888,
                    "locationY": 1335,
                    "scaleX": 0.20499999821186067,
                    "scaleY": 0.20499999821186067,
                    "rotation": 0.0,
                    "alpha": 255,
                    "sprite_file_path": "resources/Sprites/objects/corollary.PNG",
                    "collidable": false,
                    "isDynamic": false,
                    "hitboxScaleX": 1.0,
                    "hitboxScaleY": 1.0,
                    "object_type": 0,
                    "children": []
                },
                {
                    "node_id": "corollary_top",
                    "type_id": "AnimatedSprite",
                    "sprite_type": "default",
                    "locationX": 883,
                    "locationY": 186,
                    "scaleX": 0.21250000596046449,
                    "scaleY": 0.21250000596046449,
                    "rotation": 0.0,
                    "alpha": 255,
                    "sprite_file_path": "resources/Sprites/objects/corollary.PNG",
                    "collidable": false,
                    "isDynamic": false,
                    "hitboxScaleX": 1.0,
                    "hitboxScaleY": 1.0,
                    "object_type": 0,
                    "children": []
                },
                {
                    "node_id": "projection",
                    "type_id": "AnimatedSprite",
                    "sprite_type": "default",
                    "locationX": 0,
                    "locationY": 666,
                    "scaleX": 0.7149999737739563,
                    "scaleY": 0.7149999737739563,
                    "rotation": 0.0,
                    "alpha": 255,
                    "sprite_file_path": "resources/Sprites/enemies/projection_shooter.PNG",
                    "collidable": false,
                    "isDynamic": false,
                    "hitboxScaleX": 1.0,
                    "hitboxScaleY": 1.0,
                    "object_type": 0,
                    "children": []
                },
                {
                    "node_id": "arrow",
                    "type_id": "AnimatedSprite",
                    "sprite_type": "default",
                    "locationX": 15,
                    "locationY": 648,
                    "scaleX": 0.9100000262260437,
                    "scaleY": 0.9100000262260437,
                    "rotation": 0.0,
                    "alpha": 255,
                    "sprite_file_path": "resources/Sprites/enemies/projection.PNG",
                    "collidable": false,
                    "isDynamic": false,
                    "hitboxScaleX": 1.0,
                    "hitboxScaleY": 1.0,
                    "object_type": 0,
                    "children": []
                },
                {
                    "node_id": "sprite1",
                    "type_id": "AnimatedSprite",
                    "sprite_type": "default",
                    "locationX": 263,
                    "locationY": 28,
                    "scaleX": 0.45500001311302187,
                    "scaleY": 0.45500001311302187,
                    "rotation": 0.0,
                    "alpha": 255,
                    "sprite_file_path": "resources/Sprites/titles/area3/Algebra_3.1.PNG",
                    "collidable": false,
                    "isDynamic": false,
                    "hitboxScaleX": 1.0,
                    "hitboxScaleY": 1.0,
                    "object_type": 0,
                    "children": []
                },
                {
                    "node_id": "exit_flag",
                    "type_id": "AnimatedSprite",
                    "sprite_type": "default",
                    "locationX": 100,
                    "locationY": 206,
                    "scaleX": 1.0,
                    "scaleY": 1.0,
                    "rotation": 0.0,
                    "alpha": 255,
                    "sprite_file_path": "resources/Sprites/objects/flag.PNG",
                    "collidable": false,
                    "isDynamic": false,
                    "hitboxScaleX": 1.0,
                    "hitboxScaleY": 1.0,
                    "object_type": 0,
                    "children": []
                }
            ]
        }
    ]
}