{
    "node_id": "Root",
    "type_id": "DisplayObjectContainer",
    "sprite_type": "default",
    "locationX": 0,
    "locationY": 0,
    "scaleX": 1.0,
    "scaleY": 1.0,
    "rotation": 0.0,
    "alpha": 255,
    "sprite_file_path": "",
    "collidable": false,
    "isDynamic": false,
    "hitboxScaleX": 1.0,
    "hitboxScaleY": 1.0,
    "object_type": 0,
    "children": [
        {
            "node_id": "Background",
            "type_id": "DisplayObjectContainer",
            "sprite_type": "default",
            "locationX": 0,
            "locationY": 0,
            "scaleX": 1.0,
            "scaleY": 1.0,
            "rotation": 0.0,
            "alpha": 255,
            "sprite_file_path": "",
            "collidable": false,
            "isDynamic": false,
            "hitboxScaleX": 1.0,
            "hitboxScaleY": 1.0,
            "object_type": 0,
            "children": [
                {
                    "node_id": "sprite0",
                    "type_id": "AnimatedSprite",
                    "sprite_type": "default",
                    "locationX": 0,
                    "locationY": 0,
                    "scaleX": 1.0,
                    "scaleY": 1.0,
                    "rotation": 0.0,
                    "alpha": 255,
                    "sprite_file_path": "resources/Sprites/page_bg.png",
                    "collidable": false,
                    "isDynamic": false,
                    "hitboxScaleX": 1.0,
                    "hitboxScaleY": 1.0,
                    "object_type": 0,
                    "children": []
                }
            ]
        },
        {
            "node_id": "Midground",
            "type_id": "DisplayObjectContainer",
            "sprite_type": "default",
            "locationX": 0,
            "locationY": 0,
            "scaleX": 1.0,
            "scaleY": 1.0,
            "rotation": 0.0,
            "alpha": 255,
            "sprite_file_path": "",
            "collidable": false,
            "isDynamic": false,
            "hitboxScaleX": 1.0,
            "hitboxScaleY": 1.0,
            "object_type": 0,
            "children": []
        },
        {
            "node_id": "Foreground",
            "type_id": "DisplayObjectContainer",
            "sprite_type": "default",
            "locationX": 0,
            "locationY": 0,
            "scaleX": 1.0,
            "scaleY": 1.0,
            "rotation": 0.0,
            "alpha": 255,
            "sprite_file_path": "",
            "collidable": false,
            "isDynamic": false,
            "hitboxScaleX": 1.0,
            "hitboxScaleY": 1.0,
            "object_type": 0,
            "children": [
                {
                    "node_id": "player",
                    "type_id": "Player",
                    "sprite_type": "default",
                    "locationX": 400,
                    "locationY": 75,
                    "scaleX": 1.0,
                    "scaleY": 1.0,
                    "rotation": 0.0,
                    "alpha": 255,
                    "sprite_file_path": "resources/Sprites/character/idle_1.png",
                    "collidable": false,
                    "isDynamic": false,
                    "hitboxScaleX": 1.0,
                    "hitboxScaleY": 1.0,
                    "object_type": 0,
                    "children": []
                },
                {
                    "node_id": "sprite3",
                    "type_id": "AnimatedSprite",
                    "sprite_type": "default",
                    "locationX": -82,
                    "locationY": -401,
                    "scaleX": 0.8925000000000023,
                    "scaleY": 0.8925000000000023,
                    "rotation": 0.0,
                    "alpha": 255,
                    "sprite_file_path": "resources/Sprites/titles/area3/Algebra_3.2.PNG",
                    "collidable": false,
                    "isDynamic": false,
                    "hitboxScaleX": 1.0,
                    "hitboxScaleY": 1.0,
                    "object_type": 0,
                    "children": []
                },
                {
                    "node_id": "sprite5",
                    "type_id": "AnimatedSprite",
                    "sprite_type": "default",
                    "locationX": 755,
                    "locationY": 285,
                    "scaleX": 1.659999999999986,
                    "scaleY": 1.0,
                    "rotation": 0.0,
                    "alpha": 255,
                    "sprite_file_path": "resources/Sprites/platforms/short1.PNG",
                    "collidable": false,
                    "isDynamic": false,
                    "hitboxScaleX": 1.0,
                    "hitboxScaleY": 1.0,
                    "object_type": 0,
                    "children": []
                },
                {
                    "node_id": "sprite6",
                    "type_id": "AnimatedSprite",
                    "sprite_type": "default",
                    "locationX": 576,
                    "locationY": 447,
                    "scaleX": 0.6750000000000069,
                    "scaleY": 1.0,
                    "rotation": 0.0,
                    "alpha": 255,
                    "sprite_file_path": "resources/Sprites/platforms/short1.PNG",
                    "collidable": false,
                    "isDynamic": false,
                    "hitboxScaleX": 1.0,
                    "hitboxScaleY": 1.0,
                    "object_type": 0,
                    "children": []
                },
                {
                    "node_id": "sprite7",
                    "type_id": "AnimatedSprite",
                    "sprite_type": "default",
                    "locationX": 25,
                    "locationY": 612,
                    "scaleX": 0.8275000000000037,
                    "scaleY": 1.0,
                    "rotation": 0.0,
                    "alpha": 255,
                    "sprite_file_path": "resources/Sprites/platforms/med1.PNG",
                    "collidable": false,
                    "isDynamic": false,
                    "hitboxScaleX": 1.0,
                    "hitboxScaleY": 1.0,
                    "object_type": 0,
                    "children": []
                },
                {
                    "node_id": "sprite8",
                    "type_id": "AnimatedSprite",
                    "sprite_type": "default",
                    "locationX": 900,
                    "locationY": 796,
                    "scaleX": 1.0,
                    "scaleY": 1.0,
                    "rotation": 0.0,
                    "alpha": 255,
                    "sprite_file_path": "resources/Sprites/platforms/short1.PNG",
                    "collidable": false,
                    "isDynamic": false,
                    "hitboxScaleX": 1.0,
                    "hitboxScaleY": 1.0,
                    "object_type": 0,
                    "children": []
                },
                {
                    "node_id": "sprite9",
                    "type_id": "AnimatedSprite",
                    "sprite_type": "default",
                    "locationX": 38,
                    "locationY": 875,
                    "scaleX": 1.0,
                    "scaleY": 1.0,
                    "rotation": 0.0,
                    "alpha": 255,
                    "sprite_file_path": "resources/Sprites/platforms/short1.PNG",
                    "collidable": false,
                    "isDynamic": false,
                    "hitboxScaleX": 1.0,
                    "hitboxScaleY": 1.0,
                    "object_type": 0,
                    "children": []
                },
                {
                    "node_id": "sprite10",
                    "type_id": "AnimatedSprite",
                    "sprite_type": "default",
                    "locationX": 30,
                    "locationY": 1173,
                    "scaleX": 1.5799999999999877,
                    "scaleY": 1.0,
                    "rotation": 0.0,
                    "alpha": 255,
                    "sprite_file_path": "resources/Sprites/platforms/short1.PNG",
                    "collidable": false,
                    "isDynamic": false,
                    "hitboxScaleX": 1.0,
                    "hitboxScaleY": 1.0,
                    "object_type": 0,
                    "children": []
                },
                {
                    "node_id": "sprite11",
                    "type_id": "AnimatedSprite",
                    "sprite_type": "default",
                    "locationX": 890,
                    "locationY": 1256,
                    "scaleX": 1.1499999999999969,
                    "scaleY": 1.0,
                    "rotation": 0.0,
                    "alpha": 255,
                    "sprite_file_path": "resources/Sprites/platforms/short1.PNG",
                    "collidable": false,
                    "isDynamic": false,
                    "hitboxScaleX": 1.0,
                    "hitboxScaleY": 1.0,
                    "object_type": 0,
                    "children": []
                },
                {
                    "node_id": "exit_flag",
                    "type_id": "AnimatedSprite",
                    "sprite_type": "default",
                    "locationX": 1003,
                    "locationY": 1470,
                    "scaleX": 1.0,
                    "scaleY": 1.0,
                    "rotation": 0.0,
                    "alpha": 255,
                    "sprite_file_path": "resources/Sprites/objects/flag.PNG",
                    "collidable": false,
                    "isDynamic": false,
                    "hitboxScaleX": 1.0,
                    "hitboxScaleY": 1.0,
                    "object_type": 0,
                    "children": []
                },
                {
                    "node_id": "matrix_bottom",
                    "type_id": "AnimatedSprite",
                    "sprite_type": "default",
                    "locationX": 20,
                    "locationY": 1036,
                    "scaleX": 0.27500000000001048,
                    "scaleY": 0.27500000000001048,
                    "rotation": 0.0,
                    "alpha": 255,
                    "sprite_file_path": "resources/Sprites/enemies/matrix.PNG",
                    "collidable": false,
                    "isDynamic": false,
                    "hitboxScaleX": 1.0,
                    "hitboxScaleY": 1.0,
                    "object_type": 0,
                    "children": []
                },
                {
                    "node_id": "matrix_top",
                    "type_id": "AnimatedSprite",
                    "sprite_type": "default",
                    "locationX": 29,
                    "locationY": 481,
                    "scaleX": 0.25750000000001047,
                    "scaleY": 0.25750000000001047,
                    "rotation": 0.0,
                    "alpha": 255,
                    "sprite_file_path": "resources/Sprites/enemies/matrix.PNG",
                    "collidable": false,
                    "isDynamic": false,
                    "hitboxScaleX": 1.0,
                    "hitboxScaleY": 1.0,
                    "object_type": 0,
                    "children": []
                },
                {
                    "node_id": "corollary",
                    "type_id": "AnimatedSprite",
                    "sprite_type": "default",
                    "locationX": 73,
                    "locationY": 708,
                    "scaleX": 0.16500000000001037,
                    "scaleY": 0.16500000000001037,
                    "rotation": 0.0,
                    "alpha": 255,
                    "sprite_file_path": "resources/Sprites/objects/corollary.PNG",
                    "collidable": false,
                    "isDynamic": false,
                    "hitboxScaleX": 1.0,
                    "hitboxScaleY": 1.0,
                    "object_type": 0,
                    "children": []
                },
                {
                    "node_id": "box",
                    "type_id": "AnimatedSprite",
                    "sprite_type": "default",
                    "locationX": 770,
                    "locationY": 224,
                    "scaleX": 1.3174999999999933,
                    "scaleY": 1.3174999999999933,
                    "rotation": 0.0,
                    "alpha": 255,
                    "sprite_file_path": "resources/Sprites/objects/box.png",
                    "collidable": false,
                    "isDynamic": false,
                    "hitboxScaleX": 1.0,
                    "hitboxScaleY": 1.0,
                    "object_type": 0,
                    "children": []
                },
                {
                    "node_id": "button",
                    "type_id": "AnimatedSprite",
                    "sprite_type": "default",
                    "locationX": 684,
                    "locationY": 310,
                    "scaleX": 0.3425000000000105,
                    "scaleY": 0.3425000000000105,
                    "rotation": 0.0,
                    "alpha": 255,
                    "sprite_file_path": "resources/Sprites/objects/button.png",
                    "collidable": false,
                    "isDynamic": false,
                    "hitboxScaleX": 1.0,
                    "hitboxScaleY": 1.0,
                    "object_type": 0,
                    "children": []
                },
                {
                    "node_id": "player",
                    "type_id": "AnimatedSprite",
                    "sprite_type": "default",
                    "locationX": 1025,
                    "locationY": 150,
                    "scaleX": 1.0,
                    "scaleY": 1.0,
                    "rotation": 0.0,
                    "alpha": 255,
                    "sprite_file_path": "resources/Sprites/character/idle_1.png",
                    "collidable": false,
                    "isDynamic": false,
                    "hitboxScaleX": 1.0,
                    "hitboxScaleY": 1.0,
                    "object_type": 0,
                    "children": []
                }
            ]
        }
    ]
}