{
    "node_id": "Root",
    "type_id": "DisplayObjectContainer",
    "sprite_type": "default",
    "locationX": 0,
    "locationY": 0,
    "scaleX": 1.0,
    "scaleY": 1.0,
    "rotation": 0.0,
    "alpha": 255,
    "sprite_file_path": "",
    "collidable": false,
    "isDynamic": false,
    "hitboxScaleX": 1.0,
    "hitboxScaleY": 1.0,
    "object_type": 0,
    "children": [
        {
            "node_id": "Background",
            "type_id": "DisplayObjectContainer",
            "sprite_type": "default",
            "locationX": 0,
            "locationY": 0,
            "scaleX": 1.0,
            "scaleY": 1.0,
            "rotation": 0.0,
            "alpha": 255,
            "sprite_file_path": "",
            "collidable": false,
            "isDynamic": false,
            "hitboxScaleX": 1.0,
            "hitboxScaleY": 1.0,
            "object_type": 0,
            "children": [
                {
                    "node_id": "sprite0",
                    "type_id": "AnimatedSprite",
                    "sprite_type": "default",
                    "locationX": 0,
                    "locationY": 0,
                    "scaleX": 1.0,
                    "scaleY": 1.0,
                    "rotation": 0.0,
                    "alpha": 255,
                    "sprite_file_path": "resources/Sprites/page_bg.png",
                    "collidable": false,
                    "isDynamic": false,
                    "hitboxScaleX": 1.0,
                    "hitboxScaleY": 1.0,
                    "object_type": 0,
                    "children": []
                }
            ]
        },
        {
            "node_id": "Midground",
            "type_id": "DisplayObjectContainer",
            "sprite_type": "default",
            "locationX": 0,
            "locationY": 0,
            "scaleX": 1.0,
            "scaleY": 1.0,
            "rotation": 0.0,
            "alpha": 255,
            "sprite_file_path": "",
            "collidable": false,
            "isDynamic": false,
            "hitboxScaleX": 1.0,
            "hitboxScaleY": 1.0,
            "object_type": 0,
            "children": []
        },
        {
            "node_id": "Foreground",
            "type_id": "DisplayObjectContainer",
            "sprite_type": "default",
            "locationX": 0,
            "locationY": 0,
            "scaleX": 1.0,
            "scaleY": 1.0,
            "rotation": 0.0,
            "alpha": 255,
            "sprite_file_path": "",
            "collidable": false,
            "isDynamic": false,
            "hitboxScaleX": 1.0,
            "hitboxScaleY": 1.0,
            "object_type": 0,
            "children": [
                {
                    "node_id": "player",
                    "type_id": "Player",
                    "sprite_type": "default",
                    "locationX": 400,
                    "locationY": 75,
                    "scaleX": 1.0,
                    "scaleY": 1.0,
                    "rotation": 0.0,
                    "alpha": 255,
                    "sprite_file_path": "resources/Sprites/character/idle_1.png",
                    "collidable": false,
                    "isDynamic": false,
                    "hitboxScaleX": 1.0,
                    "hitboxScaleY": 1.0,
                    "object_type": 0,
                    "children": []
                },
                {
                    "node_id": "sprite3",
                    "type_id": "AnimatedSprite",
                    "sprite_type": "default",
                    "locationX": 718,
                    "locationY": 325,
                    "scaleX": 0.7850000262260437,
                    "scaleY": 1.0,
                    "rotation": 0.0,
                    "alpha": 255,
                    "sprite_file_path": "resources/Sprites/platforms/short1.PNG",
                    "collidable": false,
                    "isDynamic": false,
                    "hitboxScaleX": 1.0,
                    "hitboxScaleY": 1.0,
                    "object_type": 0,
                    "children": []
                },
                {
                    "node_id": "sprite1",
                    "type_id": "AnimatedSprite",
                    "sprite_type": "default",
                    "locationX": 973,
                    "locationY": 240,
                    "scaleX": 0.8450000286102295,
                    "scaleY": 1.0,
                    "rotation": 0.0,
                    "alpha": 255,
                    "sprite_file_path": "resources/Sprites/platforms/short1.PNG",
                    "collidable": false,
                    "isDynamic": false,
                    "hitboxScaleX": 1.0,
                    "hitboxScaleY": 1.0,
                    "object_type": 0,
                    "children": []
                },
                {
                    "node_id": "sprite0",
                    "type_id": "AnimatedSprite",
                    "sprite_type": "default",
                    "locationX": 25,
                    "locationY": 32,
                    "scaleX": 0.7524999976158142,
                    "scaleY": 0.7524999976158142,
                    "rotation": 0.0,
                    "alpha": 255,
                    "sprite_file_path": "resources/Sprites/titles/area3/Algebra_3.4.PNG",
                    "collidable": false,
                    "isDynamic": false,
                    "hitboxScaleX": 1.0,
                    "hitboxScaleY": 1.0,
                    "object_type": 0,
                    "children": []
                },
                {
                    "node_id": "sprite4",
                    "type_id": "AnimatedSprite",
                    "sprite_type": "default",
                    "locationX": 1,
                    "locationY": 410,
                    "scaleX": 0.987500011920929,
                    "scaleY": 1.0,
                    "rotation": 0.0,
                    "alpha": 255,
                    "sprite_file_path": "resources/Sprites/platforms/short1.PNG",
                    "collidable": false,
                    "isDynamic": false,
                    "hitboxScaleX": 1.0,
                    "hitboxScaleY": 1.0,
                    "object_type": 0,
                    "children": []
                },
                {
                    "node_id": "sprite5",
                    "type_id": "AnimatedSprite",
                    "sprite_type": "default",
                    "locationX": 915,
                    "locationY": 449,
                    "scaleX": 1.0449999570846558,
                    "scaleY": 1.0,
                    "rotation": 0.0,
                    "alpha": 255,
                    "sprite_file_path": "resources/Sprites/platforms/short1.PNG",
                    "collidable": false,
                    "isDynamic": false,
                    "hitboxScaleX": 1.0,
                    "hitboxScaleY": 1.0,
                    "object_type": 0,
                    "children": []
                },
                {
                    "node_id": "sprite6",
                    "type_id": "AnimatedSprite",
                    "sprite_type": "default",
                    "locationX": 238,
                    "locationY": 579,
                    "scaleX": 0.7925000190734863,
                    "scaleY": 1.0,
                    "rotation": 0.0,
                    "alpha": 255,
                    "sprite_file_path": "resources/Sprites/platforms/short1.PNG",
                    "collidable": false,
                    "isDynamic": false,
                    "hitboxScaleX": 1.0,
                    "hitboxScaleY": 1.0,
                    "object_type": 0,
                    "children": []
                },
                {
                    "node_id": "sprite7",
                    "type_id": "AnimatedSprite",
                    "sprite_type": "default",
                    "locationX": 946,
                    "locationY": 616,
                    "scaleX": 0.9375,
                    "scaleY": 1.0,
                    "rotation": 0.0,
                    "alpha": 255,
                    "sprite_file_path": "resources/Sprites/platforms/short1.PNG",
                    "collidable": false,
                    "isDynamic": false,
                    "hitboxScaleX": 1.0,
                    "hitboxScaleY": 1.0,
                    "object_type": 0,
                    "children": []
                },
                {
                    "node_id": "sprite8",
                    "type_id": "AnimatedSprite",
                    "sprite_type": "default",
                    "locationX": 600,
                    "locationY": 748,
                    "scaleX": 1.0099999904632569,
                    "scaleY": 1.0,
                    "rotation": 0.0,
                    "alpha": 255,
                    "sprite_file_path": "resources/Sprites/platforms/short1.PNG",
                    "collidable": false,
                    "isDynamic": false,
                    "hitboxScaleX": 1.0,
                    "hitboxScaleY": 1.0,
                    "object_type": 0,
                    "children": []
                },
                {
                    "node_id": "sprite9",
                    "type_id": "AnimatedSprite",
                    "sprite_type": "default",
                    "locationX": 0,
                    "locationY": 791,
                    "scaleX": 1.3274999856948853,
                    "scaleY": 1.0,
                    "rotation": 0.0,
                    "alpha": 255,
                    "sprite_file_path": "resources/Sprites/platforms/short1.PNG",
                    "collidable": false,
                    "isDynamic": false,
                    "hitboxScaleX": 1.0,
                    "hitboxScaleY": 1.0,
                    "object_type": 0,
                    "children": []
                },
                {
                    "node_id": "sprite10",
                    "type_id": "AnimatedSprite",
                    "sprite_type": "default",
                    "locationX": 600,
                    "locationY": 965,
                    "scaleX": 1.4325000047683716,
                    "scaleY": 1.0,
                    "rotation": 0.0,
                    "alpha": 255,
                    "sprite_file_path": "resources/Sprites/platforms/short1.PNG",
                    "collidable": false,
                    "isDynamic": false,
                    "hitboxScaleX": 1.0,
                    "hitboxScaleY": 1.0,
                    "object_type": 0,
                    "children": []
                },
                {
                    "node_id": "sprite11",
                    "type_id": "AnimatedSprite",
                    "sprite_type": "default",
                    "locationX": 150,
                    "locationY": 1089,
                    "scaleX": 1.1449999809265137,
                    "scaleY": 1.0,
                    "rotation": 0.0,
                    "alpha": 255,
                    "sprite_file_path": "resources/Sprites/platforms/short1.PNG",
                    "collidable": false,
                    "isDynamic": false,
                    "hitboxScaleX": 1.0,
                    "hitboxScaleY": 1.0,
                    "object_type": 0,
                    "children": []
                },
                {
                    "node_id": "sprite13",
                    "type_id": "AnimatedSprite",
                    "sprite_type": "default",
                    "locationX": 0,
                    "locationY": 1304,
                    "scaleX": 1.2599999904632569,
                    "scaleY": 1.0,
                    "rotation": 0.0,
                    "alpha": 255,
                    "sprite_file_path": "resources/Sprites/platforms/short1.PNG",
                    "collidable": false,
                    "isDynamic": false,
                    "hitboxScaleX": 1.0,
                    "hitboxScaleY": 1.0,
                    "object_type": 0,
                    "children": []
                },
                {
                    "node_id": "sprite12",
                    "type_id": "AnimatedSprite",
                    "sprite_type": "default",
                    "locationX": 775,
                    "locationY": 1170,
                    "scaleX": 1.5924999713897706,
                    "scaleY": 1.0,
                    "rotation": 0.0,
                    "alpha": 255,
                    "sprite_file_path": "resources/Sprites/platforms/short1.PNG",
                    "collidable": false,
                    "isDynamic": false,
                    "hitboxScaleX": 1.0,
                    "hitboxScaleY": 1.0,
                    "object_type": 0,
                    "children": []
                },
                {
                    "node_id": "sprite14",
                    "type_id": "AnimatedSprite",
                    "sprite_type": "default",
                    "locationX": 697,
                    "locationY": 1384,
                    "scaleX": 1.2675000429153443,
                    "scaleY": 1.0,
                    "rotation": 0.0,
                    "alpha": 255,
                    "sprite_file_path": "resources/Sprites/platforms/short1.PNG",
                    "collidable": false,
                    "isDynamic": false,
                    "hitboxScaleX": 1.0,
                    "hitboxScaleY": 1.0,
                    "object_type": 0,
                    "children": []
                },
                {
                    "node_id": "sprite15",
                    "type_id": "AnimatedSprite",
                    "sprite_type": "default",
                    "locationX": 237,
                    "locationY": 1472,
                    "scaleX": 1.0,
                    "scaleY": 1.0,
                    "rotation": 0.0,
                    "alpha": 255,
                    "sprite_file_path": "resources/Sprites/platforms/short1.PNG",
                    "collidable": false,
                    "isDynamic": false,
                    "hitboxScaleX": 1.0,
                    "hitboxScaleY": 1.0,
                    "object_type": 0,
                    "children": []
                },
                {
                    "node_id": "sprite16",
                    "type_id": "AnimatedSprite",
                    "sprite_type": "default",
                    "locationX": 0,
                    "locationY": 611,
                    "scaleX": 0.7699999809265137,
                    "scaleY": 0.7699999809265137,
                    "rotation": 0.0,
                    "alpha": 255,
                    "sprite_file_path": "resources/Sprites/enemies/projection_shooter.PNG",
                    "collidable": false,
                    "isDynamic": false,
                    "hitboxScaleX": 1.0,
                    "hitboxScaleY": 1.0,
                    "object_type": 0,
                    "children": []
                },
                {
                    "node_id": "sprite17",
                    "type_id": "AnimatedSprite",
                    "sprite_type": "default",
                    "locationX": 0,
                    "locationY": 1139,
                    "scaleX": 0.8550000190734863,
                    "scaleY": 0.8550000190734863,
                    "rotation": 0.0,
                    "alpha": 255,
                    "sprite_file_path": "resources/Sprites/enemies/projection_shooter.PNG",
                    "collidable": false,
                    "isDynamic": false,
                    "hitboxScaleX": 1.0,
                    "hitboxScaleY": 1.0,
                    "object_type": 0,
                    "children": []
                },
                {
                    "node_id": "sprite18",
                    "type_id": "AnimatedSprite",
                    "sprite_type": "default",
                    "locationX": 101,
                    "locationY": 1113,
                    "scaleX": 1.0,
                    "scaleY": 1.0,
                    "rotation": 0.0,
                    "alpha": 255,
                    "sprite_file_path": "resources/Sprites/enemies/projection.PNG",
                    "collidable": false,
                    "isDynamic": false,
                    "hitboxScaleX": 1.0,
                    "hitboxScaleY": 1.0,
                    "object_type": 0,
                    "children": []
                },
                {
                    "node_id": "sprite20",
                    "type_id": "AnimatedSprite",
                    "sprite_type": "default",
                    "locationX": 566,
                    "locationY": 1464,
                    "scaleX": 0.887499988079071,
                    "scaleY": 0.887499988079071,
                    "rotation": 0.0,
                    "alpha": 255,
                    "sprite_file_path": "resources/Sprites/enemies/projection_shooter.PNG",
                    "collidable": false,
                    "isDynamic": false,
                    "hitboxScaleX": 1.0,
                    "hitboxScaleY": 1.0,
                    "object_type": 0,
                    "children": []
                },
                {
                    "node_id": "sprite19",
                    "type_id": "AnimatedSprite",
                    "sprite_type": "default",
                    "locationX": 425,
                    "locationY": 1250,
                    "scaleX": 1.0,
                    "scaleY": 1.0,
                    "rotation": 0.0,
                    "alpha": 255,
                    "sprite_file_path": "resources/Sprites/enemies/projection.PNG",
                    "collidable": false,
                    "isDynamic": false,
                    "hitboxScaleX": 1.0,
                    "hitboxScaleY": 1.0,
                    "object_type": 0,
                    "children": []
                },
                {
                    "node_id": "sprite21",
                    "type_id": "AnimatedSprite",
                    "sprite_type": "default",
                    "locationX": 1162,
                    "locationY": 766,
                    "scaleX": 0.8725000023841858,
                    "scaleY": 0.8725000023841858,
                    "rotation": 0.0,
                    "alpha": 255,
                    "sprite_file_path": "resources/Sprites/enemies/projection_shooter.PNG",
                    "collidable": false,
                    "isDynamic": false,
                    "hitboxScaleX": 1.0,
                    "hitboxScaleY": 1.0,
                    "object_type": 0,
                    "children": []
                },
                {
                    "node_id": "sprite0",
                    "type_id": "AnimatedSprite",
                    "sprite_type": "default",
                    "locationX": 1153,
                    "locationY": 244,
                    "scaleX": 1.0,
                    "scaleY": 1.0,
                    "rotation": 0.0,
                    "alpha": 255,
                    "sprite_file_path": "resources/Sprites/enemies/projection_shooter.PNG",
                    "collidable": false,
                    "isDynamic": false,
                    "hitboxScaleX": 1.0,
                    "hitboxScaleY": 1.0,
                    "object_type": 0,
                    "children": []
                },
                {
                    "node_id": "sprite1",
                    "type_id": "AnimatedSprite",
                    "sprite_type": "default",
                    "locationX": 75,
                    "locationY": 600,
                    "scaleX": 1.0,
                    "scaleY": 1.0,
                    "rotation": 0.0,
                    "alpha": 255,
                    "sprite_file_path": "resources/Sprites/enemies/projection.PNG",
                    "collidable": false,
                    "isDynamic": false,
                    "hitboxScaleX": 1.0,
                    "hitboxScaleY": 1.0,
                    "object_type": 0,
                    "children": []
                },
                {
                    "node_id": "sprite2",
                    "type_id": "AnimatedSprite",
                    "sprite_type": "default",
                    "locationX": 475,
                    "locationY": 250,
                    "scaleX": 1.0,
                    "scaleY": 1.0,
                    "rotation": 0.0,
                    "alpha": 255,
                    "sprite_file_path": "resources/Sprites/enemies/projection.PNG",
                    "collidable": false,
                    "isDynamic": false,
                    "hitboxScaleX": 1.0,
                    "hitboxScaleY": 1.0,
                    "object_type": 0,
                    "children": []
                },
                {
                    "node_id": "sprite3",
                    "type_id": "AnimatedSprite",
                    "sprite_type": "default",
                    "locationX": 900,
                    "locationY": 750,
                    "scaleX": 1.0,
                    "scaleY": 1.0,
                    "rotation": 0.0,
                    "alpha": 255,
                    "sprite_file_path": "resources/Sprites/enemies/projection.PNG",
                    "collidable": false,
                    "isDynamic": false,
                    "hitboxScaleX": 1.0,
                    "hitboxScaleY": 1.0,
                    "object_type": 0,
                    "children": []
                },
                {
                    "node_id": "sprite2",
                    "type_id": "AnimatedSprite",
                    "sprite_type": "default",
                    "locationX": 300,
                    "locationY": 277,
                    "scaleX": 0.7475000023841858,
                    "scaleY": 1.0,
                    "rotation": 0.0,
                    "alpha": 255,
                    "sprite_file_path": "resources/Sprites/platforms/short1.PNG",
                    "collidable": false,
                    "isDynamic": false,
                    "hitboxScaleX": 1.0,
                    "hitboxScaleY": 1.0,
                    "object_type": 0,
                    "children": []
                },
                {
                    "node_id": "sprite4",
                    "type_id": "AnimatedSprite",
                    "sprite_type": "default",
                    "locationX": 1108,
                    "locationY": 157,
                    "scaleX": 1.0,
                    "scaleY": 1.0,
                    "rotation": 0.0,
                    "alpha": 255,
                    "sprite_file_path": "resources/Sprites/objects/flag.PNG",
                    "collidable": false,
                    "isDynamic": false,
                    "hitboxScaleX": 1.0,
                    "hitboxScaleY": 1.0,
                    "object_type": 0,
                    "children": []
                }
            ]
        }
    ]
}