{
    "node_id": "Root",
    "type_id": "DisplayObjectContainer",
    "locationX": 0,
    "locationY": 0,
    "scaleX": 1.0,
    "scaleY": 1.0,
    "rotation": 0.0,
    "alpha": 255,
    "sprite_file_path": "",
    "children": [
        {
            "node_id": "Background",
            "type_id": "DisplayObjectContainer",
            "locationX": 0,
            "locationY": 0,
            "scaleX": 1.0,
            "scaleY": 1.0,
            "rotation": 0.0,
            "alpha": 255,
            "sprite_file_path": "",
            "children": [
                {
                    "node_id": "sprite55",
                    "type_id": "AnimatedSprite",
                    "locationX": 0,
                    "locationY": 0,
                    "scaleX": 1.0,
                    "scaleY": 1.0,
                    "rotation": 0.0,
                    "alpha": 255,
                    "sprite_file_path": "resources/Sprites/page_bg.png",
                    "children": []
                }
            ]
        },
        {
            "node_id": "Midground",
            "type_id": "DisplayObjectContainer",
            "locationX": 0,
            "locationY": 0,
            "scaleX": 1.0,
            "scaleY": 1.0,
            "rotation": 0.0,
            "alpha": 255,
            "sprite_file_path": "",
            "children": []
        },
        {
            "node_id": "Foreground",
            "type_id": "DisplayObjectContainer",
            "locationX": 0,
            "locationY": 0,
            "scaleX": 1.0,
            "scaleY": 1.0,
            "rotation": 0.0,
            "alpha": 255,
            "sprite_file_path": "",
            "children": [
                {
                    "node_id": "sprite56",
                    "type_id": "AnimatedSprite",
                    "locationX": 325,
                    "locationY": 0,
                    "scaleX": 0.33000001311302187,
                    "scaleY": 0.28999999165534975,
                    "rotation": 0.0,
                    "alpha": 255,
                    "sprite_file_path": "resources/Sprites/titles/area1/7.PNG",
                    "children": []
                },
                {
                    "node_id": "sprite57",
                    "type_id": "AnimatedSprite",
                    "locationX": 950,
                    "locationY": -25,
                    "scaleX": 0.27000001072883608,
                    "scaleY": 0.2199999988079071,
                    "rotation": 0.0,
                    "alpha": 255,
                    "sprite_file_path": "resources/Sprites/coffee_stains/coffeestain3.png",
                    "children": []
                },
                {
                    "node_id": "sprite58",
                    "type_id": "AnimatedSprite",
                    "locationX": 1075,
                    "locationY": -25,
                    "scaleX": 0.1599999964237213,
                    "scaleY": 0.17000000178813935,
                    "rotation": 0.0,
                    "alpha": 255,
                    "sprite_file_path": "resources/Sprites/coffee_stains/coffeestain7.png",
                    "children": []
                },
                {
                    "node_id": "sprite60",
                    "type_id": "AnimatedSprite",
                    "locationX": 925,
                    "locationY": 50,
                    "scaleX": 0.17000000178813935,
                    "scaleY": 0.18000000715255738,
                    "rotation": 0.0,
                    "alpha": 255,
                    "sprite_file_path": "resources/Sprites/coffee_stains/coffeestain7.png",
                    "children": []
                },
                {
                    "node_id": "sprite61",
                    "type_id": "AnimatedSprite",
                    "locationX": 1050,
                    "locationY": 100,
                    "scaleX": 0.15000000596046449,
                    "scaleY": 0.14000000059604646,
                    "rotation": 0.0,
                    "alpha": 255,
                    "sprite_file_path": "resources/Sprites/coffee_stains/coffeestain10.png",
                    "children": []
                },
                {
                    "node_id": "sprite62",
                    "type_id": "AnimatedSprite",
                    "locationX": 0,
                    "locationY": 250,
                    "scaleX": 0.6299999952316284,
                    "scaleY": 1.0,
                    "rotation": 0.0,
                    "alpha": 255,
                    "sprite_file_path": "resources/Sprites/platforms/short1.PNG",
                    "children": []
                },
                {
                    "node_id": "sprite64",
                    "type_id": "AnimatedSprite",
                    "locationX": 325,
                    "locationY": 425,
                    "scaleX": 0.550000011920929,
                    "scaleY": 1.0,
                    "rotation": 0.0,
                    "alpha": 255,
                    "sprite_file_path": "resources/Sprites/platforms/short1.PNG",
                    "children": []
                },
                {
                    "node_id": "sprite65",
                    "type_id": "AnimatedSprite",
                    "locationX": 0,
                    "locationY": 550,
                    "scaleX": 0.9599999785423279,
                    "scaleY": 1.0,
                    "rotation": 0.0,
                    "alpha": 255,
                    "sprite_file_path": "resources/Sprites/platforms/short1.PNG",
                    "children": []
                },
                {
                    "node_id": "sprite66",
                    "type_id": "AnimatedSprite",
                    "locationX": 875,
                    "locationY": 500,
                    "scaleX": 0.7900000214576721,
                    "scaleY": 1.0,
                    "rotation": 0.0,
                    "alpha": 255,
                    "sprite_file_path": "resources/Sprites/platforms/short1.PNG",
                    "children": []
                },
                {
                    "node_id": "sprite67",
                    "type_id": "AnimatedSprite",
                    "locationX": 775,
                    "locationY": 625,
                    "scaleX": 0.49000000953674319,
                    "scaleY": 1.0,
                    "rotation": 0.0,
                    "alpha": 255,
                    "sprite_file_path": "resources/Sprites/platforms/short1.PNG",
                    "children": []
                },
                {
                    "node_id": "sprite68",
                    "type_id": "AnimatedSprite",
                    "locationX": 175,
                    "locationY": 700,
                    "scaleX": 0.7200000286102295,
                    "scaleY": 1.0,
                    "rotation": 0.0,
                    "alpha": 255,
                    "sprite_file_path": "resources/Sprites/platforms/short1.PNG",
                    "children": []
                },
                {
                    "node_id": "sprite69",
                    "type_id": "AnimatedSprite",
                    "locationX": 675,
                    "locationY": 825,
                    "scaleX": 1.2300000190734864,
                    "scaleY": 1.0,
                    "rotation": 0.0,
                    "alpha": 255,
                    "sprite_file_path": "resources/Sprites/platforms/short1.PNG",
                    "children": []
                },
                {
                    "node_id": "sprite70",
                    "type_id": "AnimatedSprite",
                    "locationX": 50,
                    "locationY": 875,
                    "scaleX": 1.0,
                    "scaleY": 1.0,
                    "rotation": 0.0,
                    "alpha": 255,
                    "sprite_file_path": "resources/Sprites/platforms/short1.PNG",
                    "children": []
                },
                {
                    "node_id": "sprite71",
                    "type_id": "AnimatedSprite",
                    "locationX": 900,
                    "locationY": 1000,
                    "scaleX": 0.6100000143051148,
                    "scaleY": 1.0,
                    "rotation": 0.0,
                    "alpha": 255,
                    "sprite_file_path": "resources/Sprites/platforms/short1.PNG",
                    "children": []
                },
                {
                    "node_id": "sprite72",
                    "type_id": "AnimatedSprite",
                    "locationX": 75,
                    "locationY": 1050,
                    "scaleX": 0.7799999713897705,
                    "scaleY": 1.0,
                    "rotation": 0.0,
                    "alpha": 255,
                    "sprite_file_path": "resources/Sprites/platforms/short1.PNG",
                    "children": []
                },
                {
                    "node_id": "sprite73",
                    "type_id": "AnimatedSprite",
                    "locationX": 375,
                    "locationY": 1225,
                    "scaleX": 0.7200000286102295,
                    "scaleY": 1.0,
                    "rotation": 0.0,
                    "alpha": 255,
                    "sprite_file_path": "resources/Sprites/platforms/short1.PNG",
                    "children": []
                },
                {
                    "node_id": "sprite74",
                    "type_id": "AnimatedSprite",
                    "locationX": 750,
                    "locationY": 1350,
                    "scaleX": 1.0,
                    "scaleY": 1.0,
                    "rotation": 0.0,
                    "alpha": 255,
                    "sprite_file_path": "resources/Sprites/platforms/short1.PNG",
                    "children": []
                },
                {
                    "node_id": "sprite76",
                    "type_id": "AnimatedSprite",
                    "locationX": 25,
                    "locationY": 125,
                    "scaleX": 0.20000000298023225,
                    "scaleY": 0.20000000298023225,
                    "rotation": 0.0,
                    "alpha": 255,
                    "sprite_file_path": "resources/Sprites/objects/black_hole/swirly_thing.png",
                    "children": []
                },
                {
                    "node_id": "sprite77",
                    "type_id": "AnimatedSprite",
                    "locationX": 25,
                    "locationY": 575,
                    "scaleX": 0.23000000417232514,
                    "scaleY": 0.2199999988079071,
                    "rotation": 0.0,
                    "alpha": 255,
                    "sprite_file_path": "resources/Sprites/objects/black_hole/swirly_thing.png",
                    "children": []
                },
                {
                    "node_id": "sprite78",
                    "type_id": "AnimatedSprite",
                    "locationX": 1000,
                    "locationY": 1200,
                    "scaleX": 0.25,
                    "scaleY": 0.25,
                    "rotation": 0.0,
                    "alpha": 255,
                    "sprite_file_path": "resources/Sprites/objects/black_hole/swirly_thing.png",
                    "children": []
                },
                {
                    "node_id": "sprite79",
                    "type_id": "AnimatedSprite",
                    "locationX": 275,
                    "locationY": 350,
                    "scaleX": 0.18000000715255738,
                    "scaleY": 0.20000000298023225,
                    "rotation": 0.0,
                    "alpha": 255,
                    "sprite_file_path": "resources/Sprites/enemies/schrodinger_cat/idle.png",
                    "children": []
                },
                {
                    "node_id": "sprite80",
                    "type_id": "AnimatedSprite",
                    "locationX": 825,
                    "locationY": 425,
                    "scaleX": 0.2199999988079071,
                    "scaleY": 0.20000000298023225,
                    "rotation": 0.0,
                    "alpha": 255,
                    "sprite_file_path": "resources/Sprites/enemies/schrodinger_cat/idle.png",
                    "children": []
                },
                {
                    "node_id": "sprite82",
                    "type_id": "AnimatedSprite",
                    "locationX": 700,
                    "locationY": 1250,
                    "scaleX": 0.23000000417232514,
                    "scaleY": 0.27000001072883608,
                    "rotation": 0.0,
                    "alpha": 255,
                    "sprite_file_path": "resources/Sprites/enemies/schrodinger_cat/idle.png",
                    "children": []
                },
                {
                    "node_id": "sprite83",
                    "type_id": "AnimatedSprite",
                    "locationX": 675,
                    "locationY": 700,
                    "scaleX": 0.1599999964237213,
                    "scaleY": 0.18000000715255738,
                    "rotation": 0.0,
                    "alpha": 255,
                    "sprite_file_path": "resources/Sprites/objects/higgs_boson/higgsboson_1.png",
                    "children": []
                },
                {
                    "node_id": "sprite84",
                    "type_id": "AnimatedSprite",
                    "locationX": 325,
                    "locationY": 1100,
                    "scaleX": 0.18000000715255738,
                    "scaleY": 0.1899999976158142,
                    "rotation": 0.0,
                    "alpha": 255,
                    "sprite_file_path": "resources/Sprites/objects/higgs_boson/higgsboson_1.png",
                    "children": []
                },
                {
                    "node_id": "sprite86",
                    "type_id": "AnimatedSprite",
                    "locationX": -25,
                    "locationY": 775,
                    "scaleX": 0.1899999976158142,
                    "scaleY": 0.1899999976158142,
                    "rotation": 0.0,
                    "alpha": 255,
                    "sprite_file_path": "resources/Sprites/coffee_stains/coffeestain3.png",
                    "children": []
                },
                {
                    "node_id": "sprite87",
                    "type_id": "AnimatedSprite",
                    "locationX": 50,
                    "locationY": 775,
                    "scaleX": 0.12999999523162843,
                    "scaleY": 0.14000000059604646,
                    "rotation": 0.0,
                    "alpha": 255,
                    "sprite_file_path": "resources/Sprites/coffee_stains/coffeestain7.png",
                    "children": []
                },
                {
                    "node_id": "sprite88",
                    "type_id": "AnimatedSprite",
                    "locationX": -75,
                    "locationY": 850,
                    "scaleX": 0.20000000298023225,
                    "scaleY": 0.18000000715255738,
                    "rotation": 0.0,
                    "alpha": 255,
                    "sprite_file_path": "resources/Sprites/coffee_stains/coffeestain7.png",
                    "children": []
                },
                {
                    "node_id": "sprite89",
                    "type_id": "AnimatedSprite",
                    "locationX": -25,
                    "locationY": 775,
                    "scaleX": 0.11999999731779099,
                    "scaleY": 0.12999999523162843,
                    "rotation": 0.0,
                    "alpha": 255,
                    "sprite_file_path": "resources/Sprites/coffee_stains/coffeestain4.png",
                    "children": []
                },
                {
                    "node_id": "sprite92",
                    "type_id": "AnimatedSprite",
                    "locationX": -75,
                    "locationY": 1300,
                    "scaleX": 0.25999999046325686,
                    "scaleY": 0.3199999928474426,
                    "rotation": 0.0,
                    "alpha": 255,
                    "sprite_file_path": "resources/Sprites/coffee_stains/coffeestain4.png",
                    "children": []
                },
                {
                    "node_id": "player",
                    "type_id": "AnimatedSprite",
                    "locationX": 600,
                    "locationY": 1325,
                    "scaleX": 0.07999999821186066,
                    "scaleY": 0.10000000149011612,
                    "rotation": 0.0,
                    "alpha": 255,
                    "sprite_file_path": "resources/Sprites/character/idle_1.png",
                    "children": []
                },
                {
                    "node_id": "sprite59",
                    "type_id": "AnimatedSprite",
                    "locationX": 975,
                    "locationY": -25,
                    "scaleX": 0.15000000178813933,
                    "scaleY": 0.1350000017881393,
                    "rotation": 0.0,
                    "alpha": 255,
                    "sprite_file_path": "resources/Sprites/coffee_stains/coffeestain4.png",
                    "children": []
                },
                {
                    "node_id": "sprite94",
                    "type_id": "AnimatedSprite",
                    "locationX": 800,
                    "locationY": 75,
                    "scaleX": 0.2800000011920929,
                    "scaleY": 0.3799999952316284,
                    "rotation": 0.0,
                    "alpha": 255,
                    "sprite_file_path": "resources/Sprites/objects/flag.PNG",
                    "children": []
                },
                {
                    "node_id": "sprite63",
                    "type_id": "AnimatedSprite",
                    "locationX": 850,
                    "locationY": 300,
                    "scaleX": 0.8999999761581421,
                    "scaleY": 1.0,
                    "rotation": 0.0,
                    "alpha": 255,
                    "sprite_file_path": "resources/Sprites/platforms/short1.PNG",
                    "children": []
                },
                {
                    "node_id": "sprite75",
                    "type_id": "AnimatedSprite",
                    "locationX": 50,
                    "locationY": 1400,
                    "scaleX": 0.800000011920929,
                    "scaleY": 1.0,
                    "rotation": 0.0,
                    "alpha": 255,
                    "sprite_file_path": "resources/Sprites/platforms/short1.PNG",
                    "children": []
                },
                {
                    "node_id": "sprite90",
                    "type_id": "AnimatedSprite",
                    "locationX": -100,
                    "locationY": 1375,
                    "scaleX": 0.38999998569488528,
                    "scaleY": 0.3249999880790709,
                    "rotation": 0.0,
                    "alpha": 255,
                    "sprite_file_path": "resources/Sprites/coffee_stains/coffeestain3.png",
                    "children": []
                },
                {
                    "node_id": "sprite91",
                    "type_id": "AnimatedSprite",
                    "locationX": 25,
                    "locationY": 1325,
                    "scaleX": 0.30000001192092898,
                    "scaleY": 0.30000001192092898,
                    "rotation": 0.0,
                    "alpha": 255,
                    "sprite_file_path": "resources/Sprites/coffee_stains/coffeestain7.png",
                    "children": []
                }
            ]
        }
    ]
}