{
    "node_id": "Root",
    "type_id": "DisplayObjectContainer",
    "locationX": 0,
    "locationY": 0,
    "scaleX": 1.0,
    "scaleY": 1.0,
    "rotation": 0.0,
    "alpha": 255,
    "sprite_file_path": "",
    "children": [
        {
            "node_id": "Background",
            "type_id": "DisplayObjectContainer",
            "locationX": 0,
            "locationY": 0,
            "scaleX": 1.0,
            "scaleY": 1.0,
            "rotation": 0.0,
            "alpha": 255,
            "sprite_file_path": "",
            "children": [
                {
                    "node_id": "sprite0",
                    "type_id": "AnimatedSprite",
                    "locationX": 0,
                    "locationY": 0,
                    "scaleX": 1.0,
                    "scaleY": 1.0,
                    "rotation": 0.0,
                    "alpha": 255,
                    "sprite_file_path": "resources/Sprites/page_bg.png",
                    "children": []
                }
            ]
        },
        {
            "node_id": "Midground",
            "type_id": "DisplayObjectContainer",
            "locationX": 0,
            "locationY": 0,
            "scaleX": 1.0,
            "scaleY": 1.0,
            "rotation": 0.0,
            "alpha": 255,
            "sprite_file_path": "",
            "children": []
        },
        {
            "node_id": "Foreground",
            "type_id": "DisplayObjectContainer",
            "locationX": 0,
            "locationY": 0,
            "scaleX": 1.0,
            "scaleY": 1.0,
            "rotation": 0.0,
            "alpha": 255,
            "sprite_file_path": "",
            "children": [
                {
                    "node_id": "sprite1",
                    "type_id": "AnimatedSprite",
                    "locationX": 275,
                    "locationY": 25,
                    "scaleX": 0.33000001311302187,
                    "scaleY": 0.30000001192092898,
                    "rotation": 0.0,
                    "alpha": 255,
                    "sprite_file_path": "resources/Sprites/titles/area1/5.PNG",
                    "children": []
                },
                {
                    "node_id": "sprite2",
                    "type_id": "AnimatedSprite",
                    "locationX": 1000,
                    "locationY": 200,
                    "scaleX": 0.5,
                    "scaleY": 1.0,
                    "rotation": 0.0,
                    "alpha": 255,
                    "sprite_file_path": "resources/Sprites/platforms/short1.PNG",
                    "children": []
                },
                {
                    "node_id": "sprite5",
                    "type_id": "AnimatedSprite",
                    "locationX": 625,
                    "locationY": 375,
                    "scaleX": 0.47999998927116396,
                    "scaleY": 1.0,
                    "rotation": 0.0,
                    "alpha": 255,
                    "sprite_file_path": "resources/Sprites/platforms/short1.PNG",
                    "children": []
                },
                {
                    "node_id": "sprite6",
                    "type_id": "AnimatedSprite",
                    "locationX": 300,
                    "locationY": 450,
                    "scaleX": 1.0,
                    "scaleY": 1.0,
                    "rotation": 0.0,
                    "alpha": 255,
                    "sprite_file_path": "resources/Sprites/platforms/short1.PNG",
                    "children": []
                },
                {
                    "node_id": "sprite7",
                    "type_id": "AnimatedSprite",
                    "locationX": 275,
                    "locationY": 375,
                    "scaleX": 0.20999999344348908,
                    "scaleY": 0.2199999988079071,
                    "rotation": 0.0,
                    "alpha": 255,
                    "sprite_file_path": "resources/Sprites/enemies/schrodinger_cat/idle.png",
                    "children": []
                },
                {
                    "node_id": "sprite8",
                    "type_id": "AnimatedSprite",
                    "locationX": 600,
                    "locationY": 575,
                    "scaleX": 0.6700000166893005,
                    "scaleY": 1.0,
                    "rotation": 0.0,
                    "alpha": 255,
                    "sprite_file_path": "resources/Sprites/platforms/med1.PNG",
                    "children": []
                },
                {
                    "node_id": "sprite11",
                    "type_id": "AnimatedSprite",
                    "locationX": 100,
                    "locationY": 1425,
                    "scaleX": 0.23999999463558198,
                    "scaleY": 0.23000000417232514,
                    "rotation": 0.0,
                    "alpha": 255,
                    "sprite_file_path": "resources/Sprites/npcs/schrodinger.png",
                    "children": []
                },
                {
                    "node_id": "sprite12",
                    "type_id": "AnimatedSprite",
                    "locationX": 850,
                    "locationY": 1475,
                    "scaleX": 0.8700000047683716,
                    "scaleY": 1.0,
                    "rotation": 0.0,
                    "alpha": 255,
                    "sprite_file_path": "resources/Sprites/platforms/short1.PNG",
                    "children": []
                },
                {
                    "node_id": "sprite15",
                    "type_id": "AnimatedSprite",
                    "locationX": 725,
                    "locationY": 1250,
                    "scaleX": 1.0,
                    "scaleY": 1.0,
                    "rotation": 0.0,
                    "alpha": 255,
                    "sprite_file_path": "resources/Sprites/platforms/short1.PNG",
                    "children": []
                },
                {
                    "node_id": "sprite16",
                    "type_id": "AnimatedSprite",
                    "locationX": 700,
                    "locationY": 1150,
                    "scaleX": 0.23999999463558198,
                    "scaleY": 0.2800000011920929,
                    "rotation": 0.0,
                    "alpha": 255,
                    "sprite_file_path": "resources/Sprites/enemies/schrodinger_cat/idle.png",
                    "children": []
                },
                {
                    "node_id": "sprite13",
                    "type_id": "AnimatedSprite",
                    "locationX": 325,
                    "locationY": 1375,
                    "scaleX": 0.5799999833106995,
                    "scaleY": 1.0,
                    "rotation": 0.0,
                    "alpha": 255,
                    "sprite_file_path": "resources/Sprites/platforms/short1.PNG",
                    "children": []
                },
                {
                    "node_id": "sprite17",
                    "type_id": "AnimatedSprite",
                    "locationX": 875,
                    "locationY": 1350,
                    "scaleX": 0.36000001430511477,
                    "scaleY": 0.4300000071525574,
                    "rotation": 0.0,
                    "alpha": 255,
                    "sprite_file_path": "resources/Sprites/objects/flag.PNG",
                    "children": []
                },
                {
                    "node_id": "player",
                    "type_id": "AnimatedSprite",
                    "locationX": 100,
                    "locationY": 100,
                    "scaleX": 0.05999999865889549,
                    "scaleY": 0.07000000029802323,
                    "rotation": 0.0,
                    "alpha": 255,
                    "sprite_file_path": "resources/Sprites/character/idle_1.png",
                    "children": []
                },
                {
                    "node_id": "sprite3",
                    "type_id": "AnimatedSprite",
                    "locationX": 0,
                    "locationY": 300,
                    "scaleX": 0.7599999904632568,
                    "scaleY": 1.100000023841858,
                    "rotation": 0.0,
                    "alpha": 255,
                    "sprite_file_path": "resources/Sprites/platforms/short1.PNG",
                    "children": []
                },
                {
                    "node_id": "sprite4",
                    "type_id": "AnimatedSprite",
                    "locationX": 800,
                    "locationY": 300,
                    "scaleX": 0.5899999737739563,
                    "scaleY": 1.0,
                    "rotation": 0.0,
                    "alpha": 255,
                    "sprite_file_path": "resources/Sprites/platforms/short1.PNG",
                    "children": []
                },
                {
                    "node_id": "sprite9",
                    "type_id": "AnimatedSprite",
                    "locationX": 0,
                    "locationY": 725,
                    "scaleX": 0.7099999785423279,
                    "scaleY": 1.0,
                    "rotation": 0.0,
                    "alpha": 255,
                    "sprite_file_path": "resources/Sprites/platforms/med1.PNG",
                    "children": []
                },
                {
                    "node_id": "sprite10",
                    "type_id": "AnimatedSprite",
                    "locationX": -25,
                    "locationY": 625,
                    "scaleX": 0.20999999344348908,
                    "scaleY": 0.23999999463558198,
                    "rotation": 0.0,
                    "alpha": 255,
                    "sprite_file_path": "resources/Sprites/enemies/schrodinger_cat/idle.png",
                    "children": []
                }
            ]
        }
    ]
}