{
    "node_id": "Root",
    "type_id": "DisplayObjectContainer",
    "locationX": 0,
    "locationY": 0,
    "scaleX": 1.0,
    "scaleY": 1.0,
    "rotation": 0.0,
    "alpha": 255,
    "sprite_file_path": "",
    "children": [
        {
            "node_id": "Background",
            "type_id": "DisplayObjectContainer",
            "locationX": 0,
            "locationY": 0,
            "scaleX": 1.0,
            "scaleY": 1.0,
            "rotation": 0.0,
            "alpha": 255,
            "sprite_file_path": "",
            "children": [
                {
                    "node_id": "sprite18",
                    "type_id": "AnimatedSprite",
                    "locationX": 0,
                    "locationY": 0,
                    "scaleX": 1.0,
                    "scaleY": 1.0,
                    "rotation": 0.0,
                    "alpha": 255,
                    "sprite_file_path": "resources/Sprites/page_bg.png",
                    "children": []
                }
            ]
        },
        {
            "node_id": "Midground",
            "type_id": "DisplayObjectContainer",
            "locationX": 0,
            "locationY": 0,
            "scaleX": 1.0,
            "scaleY": 1.0,
            "rotation": 0.0,
            "alpha": 255,
            "sprite_file_path": "",
            "children": []
        },
        {
            "node_id": "Foreground",
            "type_id": "DisplayObjectContainer",
            "locationX": 0,
            "locationY": 0,
            "scaleX": 1.0,
            "scaleY": 1.0,
            "rotation": 0.0,
            "alpha": 255,
            "sprite_file_path": "",
            "children": [
                {
                    "node_id": "sprite19",
                    "type_id": "AnimatedSprite",
                    "locationX": 350,
                    "locationY": 0,
                    "scaleX": 0.18000000715255738,
                    "scaleY": 0.1899999976158142,
                    "rotation": 0.0,
                    "alpha": 255,
                    "sprite_file_path": "resources/Sprites/titles/area1/6.PNG",
                    "children": []
                },
                {
                    "node_id": "sprite20",
                    "type_id": "AnimatedSprite",
                    "locationX": -175,
                    "locationY": -150,
                    "scaleX": 0.9300000071525574,
                    "scaleY": 1.0,
                    "rotation": 0.0,
                    "alpha": 255,
                    "sprite_file_path": "resources/Sprites/objects/black_hole/swirly_thing.png",
                    "children": []
                },
                {
                    "node_id": "sprite21",
                    "type_id": "AnimatedSprite",
                    "locationX": 725,
                    "locationY": 200,
                    "scaleX": 0.5299999713897705,
                    "scaleY": 1.0,
                    "rotation": 0.0,
                    "alpha": 255,
                    "sprite_file_path": "resources/Sprites/platforms/short1.PNG",
                    "children": []
                },
                {
                    "node_id": "sprite22",
                    "type_id": "AnimatedSprite",
                    "locationX": 975,
                    "locationY": 325,
                    "scaleX": 0.550000011920929,
                    "scaleY": 1.0,
                    "rotation": 0.0,
                    "alpha": 255,
                    "sprite_file_path": "resources/Sprites/platforms/short1.PNG",
                    "children": []
                },
                {
                    "node_id": "sprite23",
                    "type_id": "AnimatedSprite",
                    "locationX": 575,
                    "locationY": 325,
                    "scaleX": 0.4399999976158142,
                    "scaleY": 1.0,
                    "rotation": 0.0,
                    "alpha": 255,
                    "sprite_file_path": "resources/Sprites/platforms/short1.PNG",
                    "children": []
                },
                {
                    "node_id": "sprite24",
                    "type_id": "AnimatedSprite",
                    "locationX": 350,
                    "locationY": 375,
                    "scaleX": 0.3499999940395355,
                    "scaleY": 1.0,
                    "rotation": 0.0,
                    "alpha": 255,
                    "sprite_file_path": "resources/Sprites/platforms/short1.PNG",
                    "children": []
                },
                {
                    "node_id": "sprite25",
                    "type_id": "AnimatedSprite",
                    "locationX": 775,
                    "locationY": 450,
                    "scaleX": 0.49000000953674319,
                    "scaleY": 1.0,
                    "rotation": 0.0,
                    "alpha": 255,
                    "sprite_file_path": "resources/Sprites/platforms/short1.PNG",
                    "children": []
                },
                {
                    "node_id": "sprite26",
                    "type_id": "AnimatedSprite",
                    "locationX": 275,
                    "locationY": 550,
                    "scaleX": 0.6899999976158142,
                    "scaleY": 0.9599999785423279,
                    "rotation": 0.0,
                    "alpha": 255,
                    "sprite_file_path": "resources/Sprites/platforms/short1.PNG",
                    "children": []
                },
                {
                    "node_id": "sprite27",
                    "type_id": "AnimatedSprite",
                    "locationX": 625,
                    "locationY": 625,
                    "scaleX": 0.5899999737739563,
                    "scaleY": 1.0,
                    "rotation": 0.0,
                    "alpha": 255,
                    "sprite_file_path": "resources/Sprites/platforms/med1.PNG",
                    "children": []
                },
                {
                    "node_id": "sprite28",
                    "type_id": "AnimatedSprite",
                    "locationX": 0,
                    "locationY": 675,
                    "scaleX": 0.699999988079071,
                    "scaleY": 1.0,
                    "rotation": 0.0,
                    "alpha": 255,
                    "sprite_file_path": "resources/Sprites/platforms/short1.PNG",
                    "children": []
                },
                {
                    "node_id": "sprite29",
                    "type_id": "AnimatedSprite",
                    "locationX": 525,
                    "locationY": 800,
                    "scaleX": 0.6600000262260437,
                    "scaleY": 1.0,
                    "rotation": 0.0,
                    "alpha": 255,
                    "sprite_file_path": "resources/Sprites/platforms/short1.PNG",
                    "children": []
                },
                {
                    "node_id": "sprite30",
                    "type_id": "AnimatedSprite",
                    "locationX": 175,
                    "locationY": 925,
                    "scaleX": 0.8299999833106995,
                    "scaleY": 1.0,
                    "rotation": 0.0,
                    "alpha": 255,
                    "sprite_file_path": "resources/Sprites/platforms/short1.PNG",
                    "children": []
                },
                {
                    "node_id": "sprite31",
                    "type_id": "AnimatedSprite",
                    "locationX": 925,
                    "locationY": 925,
                    "scaleX": 0.550000011920929,
                    "scaleY": 1.0,
                    "rotation": 0.0,
                    "alpha": 255,
                    "sprite_file_path": "resources/Sprites/platforms/short1.PNG",
                    "children": []
                },
                {
                    "node_id": "sprite32",
                    "type_id": "AnimatedSprite",
                    "locationX": 475,
                    "locationY": 1000,
                    "scaleX": 0.46000000834465029,
                    "scaleY": 1.0,
                    "rotation": 0.0,
                    "alpha": 255,
                    "sprite_file_path": "resources/Sprites/platforms/short1.PNG",
                    "children": []
                },
                {
                    "node_id": "sprite33",
                    "type_id": "AnimatedSprite",
                    "locationX": 50,
                    "locationY": 1175,
                    "scaleX": 0.6899999976158142,
                    "scaleY": 1.0,
                    "rotation": 0.0,
                    "alpha": 255,
                    "sprite_file_path": "resources/Sprites/platforms/short1.PNG",
                    "children": []
                },
                {
                    "node_id": "sprite34",
                    "type_id": "AnimatedSprite",
                    "locationX": 700,
                    "locationY": 1175,
                    "scaleX": 0.9200000166893005,
                    "scaleY": 1.0,
                    "rotation": 0.0,
                    "alpha": 255,
                    "sprite_file_path": "resources/Sprites/platforms/short1.PNG",
                    "children": []
                },
                {
                    "node_id": "sprite35",
                    "type_id": "AnimatedSprite",
                    "locationX": 425,
                    "locationY": 1300,
                    "scaleX": 0.6299999952316284,
                    "scaleY": 1.0,
                    "rotation": 0.0,
                    "alpha": 255,
                    "sprite_file_path": "resources/Sprites/platforms/short1.PNG",
                    "children": []
                },
                {
                    "node_id": "sprite36",
                    "type_id": "AnimatedSprite",
                    "locationX": 275,
                    "locationY": 1475,
                    "scaleX": 0.49000000953674319,
                    "scaleY": 1.0,
                    "rotation": 0.0,
                    "alpha": 255,
                    "sprite_file_path": "resources/Sprites/platforms/short1.PNG",
                    "children": []
                },
                {
                    "node_id": "sprite37",
                    "type_id": "AnimatedSprite",
                    "locationX": 725,
                    "locationY": 1475,
                    "scaleX": 0.5,
                    "scaleY": 1.0,
                    "rotation": 0.0,
                    "alpha": 255,
                    "sprite_file_path": "resources/Sprites/platforms/short1.PNG",
                    "children": []
                },
                {
                    "node_id": "sprite38",
                    "type_id": "AnimatedSprite",
                    "locationX": 25,
                    "locationY": 1525,
                    "scaleX": 0.5299999713897705,
                    "scaleY": 1.0,
                    "rotation": 0.0,
                    "alpha": 255,
                    "sprite_file_path": "resources/Sprites/platforms/short1.PNG",
                    "children": []
                },
                {
                    "node_id": "sprite54",
                    "type_id": "AnimatedSprite",
                    "locationX": 625,
                    "locationY": -75,
                    "scaleX": 0.4099999964237213,
                    "scaleY": 0.5,
                    "rotation": 0.0,
                    "alpha": 255,
                    "sprite_file_path": "resources/Sprites/objects/flag.PNG",
                    "children": []
                },
                {
                    "node_id": "sprite41",
                    "type_id": "AnimatedSprite",
                    "locationX": 650,
                    "locationY": 250,
                    "scaleX": 0.5400000214576721,
                    "scaleY": 0.5600000023841858,
                    "rotation": 0.0,
                    "alpha": 255,
                    "sprite_file_path": "resources/Sprites/objects/mirrors/vertical.png",
                    "children": []
                },
                {
                    "node_id": "sprite42",
                    "type_id": "AnimatedSprite",
                    "locationX": 1025,
                    "locationY": 250,
                    "scaleX": 0.800000011920929,
                    "scaleY": 0.5600000023841858,
                    "rotation": 0.0,
                    "alpha": 255,
                    "sprite_file_path": "resources/Sprites/objects/mirrors/vertical.png",
                    "children": []
                },
                {
                    "node_id": "sprite43",
                    "type_id": "AnimatedSprite",
                    "locationX": 700,
                    "locationY": 550,
                    "scaleX": 0.8199999928474426,
                    "scaleY": 0.550000011920929,
                    "rotation": 0.0,
                    "alpha": 255,
                    "sprite_file_path": "resources/Sprites/objects/mirrors/vertical.png",
                    "children": []
                },
                {
                    "node_id": "sprite44",
                    "type_id": "AnimatedSprite",
                    "locationX": 1025,
                    "locationY": 550,
                    "scaleX": 0.6800000071525574,
                    "scaleY": 0.5799999833106995,
                    "rotation": 0.0,
                    "alpha": 255,
                    "sprite_file_path": "resources/Sprites/objects/mirrors/vertical.png",
                    "children": []
                },
                {
                    "node_id": "sprite45",
                    "type_id": "AnimatedSprite",
                    "locationX": 325,
                    "locationY": 850,
                    "scaleX": 0.8700000047683716,
                    "scaleY": 0.550000011920929,
                    "rotation": 0.0,
                    "alpha": 255,
                    "sprite_file_path": "resources/Sprites/objects/mirrors/vertical.png",
                    "children": []
                },
                {
                    "node_id": "sprite46",
                    "type_id": "AnimatedSprite",
                    "locationX": 1025,
                    "locationY": 850,
                    "scaleX": 0.8600000143051148,
                    "scaleY": 0.5600000023841858,
                    "rotation": 0.0,
                    "alpha": 255,
                    "sprite_file_path": "resources/Sprites/objects/mirrors/vertical.png",
                    "children": []
                },
                {
                    "node_id": "sprite47",
                    "type_id": "AnimatedSprite",
                    "locationX": 100,
                    "locationY": 1100,
                    "scaleX": 0.9200000166893005,
                    "scaleY": 0.5299999713897705,
                    "rotation": 0.0,
                    "alpha": 255,
                    "sprite_file_path": "resources/Sprites/objects/mirrors/vertical.png",
                    "children": []
                },
                {
                    "node_id": "sprite49",
                    "type_id": "AnimatedSprite",
                    "locationX": 250,
                    "locationY": 1100,
                    "scaleX": 0.8999999761581421,
                    "scaleY": 0.5299999713897705,
                    "rotation": 0.0,
                    "alpha": 255,
                    "sprite_file_path": "resources/Sprites/objects/mirrors/vertical.png",
                    "children": []
                },
                {
                    "node_id": "sprite50",
                    "type_id": "AnimatedSprite",
                    "locationX": 775,
                    "locationY": 1100,
                    "scaleX": 0.8899999856948853,
                    "scaleY": 0.5400000214576721,
                    "rotation": 0.0,
                    "alpha": 255,
                    "sprite_file_path": "resources/Sprites/objects/mirrors/vertical.png",
                    "children": []
                },
                {
                    "node_id": "sprite48",
                    "type_id": "AnimatedSprite",
                    "locationX": 1025,
                    "locationY": 1100,
                    "scaleX": 0.8700000047683716,
                    "scaleY": 0.5,
                    "rotation": 0.0,
                    "alpha": 255,
                    "sprite_file_path": "resources/Sprites/objects/mirrors/vertical.png",
                    "children": []
                },
                {
                    "node_id": "sprite51",
                    "type_id": "AnimatedSprite",
                    "locationX": 100,
                    "locationY": 1450,
                    "scaleX": 0.8399999737739563,
                    "scaleY": 0.5299999713897705,
                    "rotation": 0.0,
                    "alpha": 255,
                    "sprite_file_path": "resources/Sprites/objects/mirrors/vertical.png",
                    "children": []
                },
                {
                    "node_id": "sprite53",
                    "type_id": "AnimatedSprite",
                    "locationX": 325,
                    "locationY": 1400,
                    "scaleX": 0.8799999952316284,
                    "scaleY": 0.5199999809265137,
                    "rotation": 0.0,
                    "alpha": 255,
                    "sprite_file_path": "resources/Sprites/objects/mirrors/vertical.png",
                    "children": []
                },
                {
                    "node_id": "sprite52",
                    "type_id": "AnimatedSprite",
                    "locationX": 775,
                    "locationY": 1400,
                    "scaleX": 0.9100000262260437,
                    "scaleY": 0.4699999988079071,
                    "rotation": 0.0,
                    "alpha": 255,
                    "sprite_file_path": "resources/Sprites/objects/mirrors/vertical.png",
                    "children": []
                },
                {
                    "node_id": "sprite40",
                    "type_id": "AnimatedSprite",
                    "locationX": 975,
                    "locationY": 1475,
                    "scaleX": 0.3799999952316284,
                    "scaleY": 0.36000001430511477,
                    "rotation": 0.0,
                    "alpha": 255,
                    "sprite_file_path": "resources/Sprites/objects/lamp.png",
                    "children": []
                },
                {
                    "node_id": "player",
                    "type_id": "AnimatedSprite",
                    "locationX": 475,
                    "locationY": 1425,
                    "scaleX": 0.05999999865889549,
                    "scaleY": 0.05999999865889549,
                    "rotation": 0.0,
                    "alpha": 255,
                    "sprite_file_path": "resources/Sprites/character/idle_1.png",
                    "children": []
                }
            ]
        }
    ]
}