{
    "node_id": "Root",
    "type_id": "DisplayObjectContainer",
    "locationX": 0,
    "locationY": 0,
    "scaleX": 1.0,
    "scaleY": 1.0,
    "rotation": 0.0,
    "alpha": 255,
    "sprite_file_path": "",
    "children": [
        {
            "node_id": "Background",
            "type_id": "DisplayObjectContainer",
            "locationX": 0,
            "locationY": 0,
            "scaleX": 1.0,
            "scaleY": 1.0,
            "rotation": 0.0,
            "alpha": 255,
            "sprite_file_path": "",
            "children": [
                {
                    "node_id": "sprite27",
                    "type_id": "AnimatedSprite",
                    "locationX": 0,
                    "locationY": 0,
                    "scaleX": 1.0,
                    "scaleY": 1.0,
                    "rotation": 0.0,
                    "alpha": 255,
                    "sprite_file_path": "resources/Sprites/page_bg.png",
                    "children": []
                }
            ]
        },
        {
            "node_id": "Midground",
            "type_id": "DisplayObjectContainer",
            "locationX": 0,
            "locationY": 0,
            "scaleX": 1.0,
            "scaleY": 1.0,
            "rotation": 0.0,
            "alpha": 255,
            "sprite_file_path": "",
            "children": []
        },
        {
            "node_id": "Foreground",
            "type_id": "DisplayObjectContainer",
            "locationX": 0,
            "locationY": 0,
            "scaleX": 1.0,
            "scaleY": 1.0,
            "rotation": 0.0,
            "alpha": 255,
            "sprite_file_path": "",
            "children": [
                {
                    "node_id": "sprite28",
                    "type_id": "AnimatedSprite",
                    "locationX": -225,
                    "locationY": 1175,
                    "scaleX": 0.6000000238418579,
                    "scaleY": 0.6899999976158142,
                    "rotation": 0.0,
                    "alpha": 255,
                    "sprite_file_path": "resources/Sprites/coffee_stains/coffeestain3.png",
                    "children": []
                },
                {
                    "node_id": "sprite29",
                    "type_id": "AnimatedSprite",
                    "locationX": 75,
                    "locationY": 1200,
                    "scaleX": 0.3100000023841858,
                    "scaleY": 0.3100000023841858,
                    "rotation": 0.0,
                    "alpha": 255,
                    "sprite_file_path": "resources/Sprites/coffee_stains/coffeestain7.png",
                    "children": []
                },
                {
                    "node_id": "sprite30",
                    "type_id": "AnimatedSprite",
                    "locationX": -175,
                    "locationY": 1125,
                    "scaleX": 0.3700000047683716,
                    "scaleY": 0.3400000035762787,
                    "rotation": 0.0,
                    "alpha": 255,
                    "sprite_file_path": "resources/Sprites/coffee_stains/coffeestain4.png",
                    "children": []
                },
                {
                    "node_id": "player",
                    "type_id": "AnimatedSprite",
                    "locationX": 375,
                    "locationY": 1425,
                    "scaleX": 0.05999999865889549,
                    "scaleY": 0.05999999865889549,
                    "rotation": 0.0,
                    "alpha": 255,
                    "sprite_file_path": "resources/Sprites/character/idle_1.png",
                    "children": []
                },
                {
                    "node_id": "sprite32",
                    "type_id": "AnimatedSprite",
                    "locationX": 750,
                    "locationY": 1375,
                    "scaleX": 0.5,
                    "scaleY": 1.0,
                    "rotation": 0.0,
                    "alpha": 255,
                    "sprite_file_path": "resources/Sprites/platforms/med1.PNG",
                    "children": []
                },
                {
                    "node_id": "sprite33",
                    "type_id": "AnimatedSprite",
                    "locationX": 425,
                    "locationY": 1250,
                    "scaleX": 1.0,
                    "scaleY": 1.0,
                    "rotation": 0.0,
                    "alpha": 255,
                    "sprite_file_path": "resources/Sprites/platforms/short1.PNG",
                    "children": []
                },
                {
                    "node_id": "sprite38",
                    "type_id": "AnimatedSprite",
                    "locationX": 575,
                    "locationY": 1050,
                    "scaleX": 0.15000000596046449,
                    "scaleY": 0.17000000178813935,
                    "rotation": 0.0,
                    "alpha": 255,
                    "sprite_file_path": "resources/Sprites/coffee_stains/coffeestain7.png",
                    "children": []
                },
                {
                    "node_id": "sprite39",
                    "type_id": "AnimatedSprite",
                    "locationX": 775,
                    "locationY": 1075,
                    "scaleX": 0.1599999964237213,
                    "scaleY": 0.1599999964237213,
                    "rotation": 0.0,
                    "alpha": 255,
                    "sprite_file_path": "resources/Sprites/coffee_stains/coffeestain10.png",
                    "children": []
                },
                {
                    "node_id": "sprite37",
                    "type_id": "AnimatedSprite",
                    "locationX": 600,
                    "locationY": 900,
                    "scaleX": 0.1899999976158142,
                    "scaleY": 0.20000000298023225,
                    "rotation": 0.0,
                    "alpha": 255,
                    "sprite_file_path": "resources/Sprites/coffee_stains/coffeestain4.png",
                    "children": []
                },
                {
                    "node_id": "sprite35",
                    "type_id": "AnimatedSprite",
                    "locationX": 625,
                    "locationY": 875,
                    "scaleX": 0.3100000023841858,
                    "scaleY": 0.28999999165534975,
                    "rotation": 0.0,
                    "alpha": 255,
                    "sprite_file_path": "resources/Sprites/coffee_stains/coffeestain3.png",
                    "children": []
                },
                {
                    "node_id": "sprite36",
                    "type_id": "AnimatedSprite",
                    "locationX": 775,
                    "locationY": 875,
                    "scaleX": 0.1899999976158142,
                    "scaleY": 0.17000000178813935,
                    "rotation": 0.0,
                    "alpha": 255,
                    "sprite_file_path": "resources/Sprites/coffee_stains/coffeestain7.png",
                    "children": []
                },
                {
                    "node_id": "sprite50",
                    "type_id": "AnimatedSprite",
                    "locationX": 250,
                    "locationY": 700,
                    "scaleX": 0.07000000029802323,
                    "scaleY": 0.11999999731779099,
                    "rotation": 0.0,
                    "alpha": 255,
                    "sprite_file_path": "resources/Sprites/coffee_stains/coffeestain10.png",
                    "children": []
                },
                {
                    "node_id": "sprite49",
                    "type_id": "AnimatedSprite",
                    "locationX": 150,
                    "locationY": 700,
                    "scaleX": 0.09000000357627869,
                    "scaleY": 0.11999999731779099,
                    "rotation": 0.0,
                    "alpha": 255,
                    "sprite_file_path": "resources/Sprites/coffee_stains/coffeestain7.png",
                    "children": []
                },
                {
                    "node_id": "sprite47",
                    "type_id": "AnimatedSprite",
                    "locationX": 225,
                    "locationY": 625,
                    "scaleX": 0.07000000029802323,
                    "scaleY": 0.10000000149011612,
                    "rotation": 0.0,
                    "alpha": 255,
                    "sprite_file_path": "resources/Sprites/coffee_stains/coffeestain7.png",
                    "children": []
                },
                {
                    "node_id": "sprite48",
                    "type_id": "AnimatedSprite",
                    "locationX": 175,
                    "locationY": 625,
                    "scaleX": 0.07000000029802323,
                    "scaleY": 0.07000000029802323,
                    "rotation": 0.0,
                    "alpha": 255,
                    "sprite_file_path": "resources/Sprites/coffee_stains/coffeestain4.png",
                    "children": []
                },
                {
                    "node_id": "sprite53",
                    "type_id": "AnimatedSprite",
                    "locationX": 775,
                    "locationY": -100,
                    "scaleX": 0.5600000023841858,
                    "scaleY": 0.6100000143051148,
                    "rotation": 0.0,
                    "alpha": 255,
                    "sprite_file_path": "resources/Sprites/coffee_stains/coffeestain3.png",
                    "children": []
                },
                {
                    "node_id": "sprite54",
                    "type_id": "AnimatedSprite",
                    "locationX": 750,
                    "locationY": 225,
                    "scaleX": 0.3700000047683716,
                    "scaleY": 0.4000000059604645,
                    "rotation": 0.0,
                    "alpha": 255,
                    "sprite_file_path": "resources/Sprites/coffee_stains/coffeestain7.png",
                    "children": []
                },
                {
                    "node_id": "sprite55",
                    "type_id": "AnimatedSprite",
                    "locationX": 800,
                    "locationY": -75,
                    "scaleX": 0.27000001072883608,
                    "scaleY": 0.3199999928474426,
                    "rotation": 0.0,
                    "alpha": 255,
                    "sprite_file_path": "resources/Sprites/coffee_stains/coffeestain4.png",
                    "children": []
                },
                {
                    "node_id": "sprite56",
                    "type_id": "AnimatedSprite",
                    "locationX": 975,
                    "locationY": -125,
                    "scaleX": 0.3799999952316284,
                    "scaleY": 0.4399999976158142,
                    "rotation": 0.0,
                    "alpha": 255,
                    "sprite_file_path": "resources/Sprites/coffee_stains/coffeestain7.png",
                    "children": []
                },
                {
                    "node_id": "sprite57",
                    "type_id": "AnimatedSprite",
                    "locationX": 1000,
                    "locationY": 275,
                    "scaleX": 0.3499999940395355,
                    "scaleY": 0.3799999952316284,
                    "rotation": 0.0,
                    "alpha": 255,
                    "sprite_file_path": "resources/Sprites/coffee_stains/coffeestain10.png",
                    "children": []
                },
                {
                    "node_id": "sprite58",
                    "type_id": "AnimatedSprite",
                    "locationX": 875,
                    "locationY": 250,
                    "scaleX": 0.8199999928474426,
                    "scaleY": 1.0,
                    "rotation": 0.0,
                    "alpha": 255,
                    "sprite_file_path": "resources/Sprites/platforms/short1.PNG",
                    "children": []
                },
                {
                    "node_id": "sprite60",
                    "type_id": "AnimatedSprite",
                    "locationX": 0,
                    "locationY": 200,
                    "scaleX": 1.0,
                    "scaleY": 1.0,
                    "rotation": 0.0,
                    "alpha": 255,
                    "sprite_file_path": "resources/Sprites/platforms/short1.PNG",
                    "children": []
                },
                {
                    "node_id": "sprite62",
                    "type_id": "AnimatedSprite",
                    "locationX": 450,
                    "locationY": 25,
                    "scaleX": 0.28999999165534975,
                    "scaleY": 0.28999999165534975,
                    "rotation": 0.0,
                    "alpha": 255,
                    "sprite_file_path": "resources/Sprites/titles/area1/3.PNG",
                    "children": []
                },
                {
                    "node_id": "sprite63",
                    "type_id": "AnimatedSprite",
                    "locationX": 0,
                    "locationY": -100,
                    "scaleX": 0.4000000059604645,
                    "scaleY": 0.5600000023841858,
                    "rotation": 0.0,
                    "alpha": 255,
                    "sprite_file_path": "resources/Sprites/objects/flag.PNG",
                    "children": []
                },
                {
                    "node_id": "sprite34",
                    "type_id": "AnimatedSprite",
                    "locationX": 0,
                    "locationY": 1100,
                    "scaleX": 1.0800000429153443,
                    "scaleY": 1.0,
                    "rotation": 0.0,
                    "alpha": 255,
                    "sprite_file_path": "resources/Sprites/platforms/short1.PNG",
                    "children": []
                },
                {
                    "node_id": "sprite41",
                    "type_id": "AnimatedSprite",
                    "locationX": 350,
                    "locationY": 875,
                    "scaleX": 0.5,
                    "scaleY": 1.0,
                    "rotation": 0.0,
                    "alpha": 255,
                    "sprite_file_path": "resources/Sprites/platforms/med1.PNG",
                    "children": []
                },
                {
                    "node_id": "sprite43",
                    "type_id": "AnimatedSprite",
                    "locationX": 775,
                    "locationY": 700,
                    "scaleX": 1.059999942779541,
                    "scaleY": 1.0,
                    "rotation": 0.0,
                    "alpha": 255,
                    "sprite_file_path": "resources/Sprites/platforms/short1.PNG",
                    "children": []
                },
                {
                    "node_id": "sprite45",
                    "type_id": "AnimatedSprite",
                    "locationX": 425,
                    "locationY": 625,
                    "scaleX": 1.0,
                    "scaleY": 1.0,
                    "rotation": 0.0,
                    "alpha": 255,
                    "sprite_file_path": "resources/Sprites/platforms/short1.PNG",
                    "children": []
                },
                {
                    "node_id": "sprite51",
                    "type_id": "AnimatedSprite",
                    "locationX": 50,
                    "locationY": 550,
                    "scaleX": 1.0,
                    "scaleY": 1.0,
                    "rotation": 0.0,
                    "alpha": 255,
                    "sprite_file_path": "resources/Sprites/platforms/short1.PNG",
                    "children": []
                },
                {
                    "node_id": "sprite59",
                    "type_id": "AnimatedSprite",
                    "locationX": 175,
                    "locationY": 325,
                    "scaleX": 0.7699999809265137,
                    "scaleY": 1.0,
                    "rotation": 0.0,
                    "alpha": 255,
                    "sprite_file_path": "resources/Sprites/platforms/short1.PNG",
                    "children": []
                },
                {
                    "node_id": "sprite52",
                    "type_id": "AnimatedSprite",
                    "locationX": 500,
                    "locationY": 425,
                    "scaleX": 0.9325000000000014,
                    "scaleY": 1.0,
                    "rotation": 0.0,
                    "alpha": 255,
                    "sprite_file_path": "resources/Sprites/platforms/short1.PNG",
                    "children": []
                },
                {
                    "node_id": "sprite46",
                    "type_id": "AnimatedSprite",
                    "locationX": 150,
                    "locationY": 625,
                    "scaleX": 0.1650000059604645,
                    "scaleY": 0.19250000178813937,
                    "rotation": 0.0,
                    "alpha": 255,
                    "sprite_file_path": "resources/Sprites/coffee_stains/coffeestain3.png",
                    "children": []
                }
            ]
        }
    ]
}