{
    "node_id": "Root",
    "type_id": "DisplayObjectContainer",
    "locationX": 0,
    "locationY": 0,
    "scaleX": 1,
    "scaleY": 1,
    "rotation": 0,
    "alpha": 255,
    "sprite_file_path": "",
    "collidable": false,
    "isDynamic": false,
    "hitboxScaleX" : 1.0,
    "hitboxScaleY" : 1.0,
    "object_type" : 0,
    "children": [
      {
        "node_id": "Background",
        "type_id": "DisplayObjectContainer",
        "locationX": 0,
        "locationY": 0,
        "scaleX": 1.0,
        "scaleY": 1.0,
        "rotation": 0,
        "alpha": 255,
        "sprite_file_path": "",
        "collidable": false,
        "isDynamic": false,
        "hitboxScaleX": 1.0,
        "hitboxScaleY": 1.0,
        "object_type": 0,
        "children": []
      },
      {
        "node_id": "Midground",
        "type_id": "DisplayObjectContainer",
        "locationX": 0,
        "locationY": 0,
        "scaleX": 1,
        "scaleY": 1,
        "rotation": 0,
        "alpha": 255,
        "sprite_file_path": "",
        "collidable": false,
        "isDynamic": false,
        "hitboxScaleX": 1.0,
        "hitboxScaleY": 1.0,
        "object_type": 0,
        "children": [
            {
                "node_id": "Parent",
                "type_id": "DisplayObjectContainer",
                "locationX": 0,
                "locationY": 0,
                "scaleX": 1,
                "scaleY": 1,
                "rotation": 0,
                "alpha": 255,
                "sprite_file_path": "",
                "collidable": false,
                "isDynamic": false,
                "hitboxScaleX": 1.0,
                "hitboxScaleY": 1.0,
                "object_type": 0,
                "children": [
                    {
                        "node_id": "Character",
                        "type_id": "Sprite",
                        "locationX": 0,
                        "locationY": 0,
                        "scaleX": 1,
                        "scaleY": 1,
                        "rotation": 0,
                        "alpha": 255,
                        "sprite_file_path": "./resources/character/Idle_1.png",
                        "collidable": true,
                        "isDynamic": true,
                        "hitboxScaleX": 1.0,
                        "hitboxScaleY": 1.0,
                        "object_type": 1,
                        "children": []
                    },
                    {
                        "node_id": "Car",
                        "type_id": "Sprite",
                        "locationX": 500,
                        "locationY": 0,
                        "scaleX": 1,
                        "scaleY": 1,
                        "rotation": 0,
                        "alpha": 255,
                        "sprite_file_path": "./resources/Scenes/room_one/car.png",
                        "collidable": true,
                        "isDynamic": true,
                        "hitboxScaleX": 0.5,
                        "hitboxScaleY": 0.5,
                        "object_type": 3,
                        "children": []
                    },
                    {
                      "node_id": "Platform",
                      "type_id": "Sprite",
                      "locationX": 0,
                      "locationY": 500,
                      "scaleX": 1,
                      "scaleY": 1,
                      "rotation": 0,
                      "alpha": 255,
                      "sprite_file_path": "./resources/platforms/long1.PNG",
                      "collidable": true,
                      "isDynamic": false,
                      "hitboxScaleX": 1.0,
                      "hitboxScaleY": 1.0,
                      "object_type": 2,
                      "children": []
                  }
                ]
            }
        ]
      },
      {
        "node_id": "Foreground",
        "type_id": "DisplayObjectContainer",
        "locationX": 0,
        "locationY": 0,
        "scaleX": 1,
        "scaleY": 1,
        "rotation": 0,
        "alpha": 255,
        "sprite_file_path": "",
        "collidable": false,
        "isDynamic": false,
        "hitboxScaleX": 1.0,
        "hitboxScaleY": 1.0,
        "object_type": 0,
        "children": []
      }
    ]
  }