{
    "node_id": "Root",
    "type_id": "DisplayObjectContainer",
    "locationX": 0,
    "locationY": 0,
    "scaleX": 1.0,
    "scaleY": 1.0,
    "rotation": 0.0,
    "alpha": 255,
    "sprite_file_path": "",
    "children": [
        {
            "node_id": "Background",
            "type_id": "DisplayObjectContainer",
            "locationX": 0,
            "locationY": 0,
            "scaleX": 1.0,
            "scaleY": 1.0,
            "rotation": 0.0,
            "alpha": 255,
            "sprite_file_path": "",
            "children": [
                {
                    "node_id": "Bajoran Wormhole",
                    "type_id": "Sprite",
                    "locationX": 0,
                    "locationY": 300,
                    "scaleX": 10.0,
                    "scaleY": 10.0,
                    "rotation": 0.0,
                    "alpha": 255,
                    "sprite_file_path": "./resources/Scenes/room_two/wormhole.png",
                    "children": []
                }
            ]
        },
        {
            "node_id": "Midground",
            "type_id": "DisplayObjectContainer",
            "locationX": 0,
            "locationY": 0,
            "scaleX": 1.0,
            "scaleY": 1.0,
            "rotation": 0.0,
            "alpha": 255,
            "sprite_file_path": "",
            "children": [
                {
                    "node_id": "Deep Space Nine",
                    "type_id": "Sprite",
                    "locationX": 603,
                    "locationY": 400,
                    "scaleX": 3.0,
                    "scaleY": 2.0,
                    "rotation": 0.0,
                    "alpha": 255,
                    "sprite_file_path": "./resources/Scenes/room_two/ds9.png",
                    "children": []
                }
            ]
        },
        {
            "node_id": "Foreground",
            "type_id": "DisplayObjectContainer",
            "locationX": 0,
            "locationY": 0,
            "scaleX": 1.0,
            "scaleY": 1.0,
            "rotation": 0.0,
            "alpha": 255,
            "sprite_file_path": "",
            "children": [
                {
                    "node_id": "USS Defiant",
                    "type_id": "Sprite",
                    "locationX": 300,
                    "locationY": 600,
                    "scaleX": 2.0,
                    "scaleY": 1.0,
                    "rotation": 0.0,
                    "alpha": 255,
                    "sprite_file_path": "./resources/Scenes/room_two/defiant.png",
                    "children": []
                },
                {
                    "node_id": "sprite0",
                    "type_id": "Sprite",
                    "locationX": 400,
                    "locationY": 0,
                    "scaleX": 0.2403846153846154,
                    "scaleY": 0.22026431718061674,
                    "rotation": 0.0,
                    "alpha": 255,
                    "sprite_file_path": "./resources/character/Idle_5.png",
                    "children": []
                },
                {
                    "node_id": "sprite1",
                    "type_id": "Sprite",
                    "locationX": 300,
                    "locationY": 100,
                    "scaleX": 0.2403846153846154,
                    "scaleY": 0.22026431718061674,
                    "rotation": 0.0,
                    "alpha": 255,
                    "sprite_file_path": "./resources/character/Jump_3.png",
                    "children": []
                },
                {
                    "node_id": "sprite2",
                    "type_id": "Sprite",
                    "locationX": 200,
                    "locationY": 100,
                    "scaleX": 0.2403846153846154,
                    "scaleY": 0.22026431718061674,
                    "rotation": 0.0,
                    "alpha": 255,
                    "sprite_file_path": "./resources/character/Idle_15.png",
                    "children": []
                },
                {
                    "node_id": "sprite3",
                    "type_id": "Sprite",
                    "locationX": 100,
                    "locationY": -100,
                    "scaleX": 0.2403846153846154,
                    "scaleY": 0.22026431718061674,
                    "rotation": 0.0,
                    "alpha": 255,
                    "sprite_file_path": "./resources/character/Idle_2.png",
                    "children": []
                },
                {
                    "node_id": "sprite4",
                    "type_id": "Sprite",
                    "locationX": 300,
                    "locationY": 300,
                    "scaleX": 0.2403846153846154,
                    "scaleY": 0.22026431718061674,
                    "rotation": 0.0,
                    "alpha": 255,
                    "sprite_file_path": "./resources/character/Idle_2.png",
                    "children": []
                },
                {
                    "node_id": "sprite5",
                    "type_id": "Sprite",
                    "locationX": 200,
                    "locationY": 300,
                    "scaleX": 0.2403846153846154,
                    "scaleY": 0.22026431718061674,
                    "rotation": 0.0,
                    "alpha": 255,
                    "sprite_file_path": "./resources/character/Idle_2.png",
                    "children": []
                },
                {
                    "node_id": "sprite6",
                    "type_id": "Sprite",
                    "locationX": 500,
                    "locationY": 300,
                    "scaleX": 0.2403846153846154,
                    "scaleY": 0.22026431718061674,
                    "rotation": 0.0,
                    "alpha": 255,
                    "sprite_file_path": "./resources/character/Idle_2.png",
                    "children": []
                },
                {
                    "node_id": "sprite7",
                    "type_id": "Sprite",
                    "locationX": 700,
                    "locationY": 300,
                    "scaleX": 0.2403846153846154,
                    "scaleY": 0.22026431718061674,
                    "rotation": 0.0,
                    "alpha": 255,
                    "sprite_file_path": "./resources/character/Idle_2.png",
                    "children": []
                },
                {
                    "node_id": "sprite8",
                    "type_id": "Sprite",
                    "locationX": 600,
                    "locationY": 100,
                    "scaleX": 0.2403846153846154,
                    "scaleY": 0.22026431718061674,
                    "rotation": 0.0,
                    "alpha": 255,
                    "sprite_file_path": "./resources/character/Idle_2.png",
                    "children": []
                },
                {
                    "node_id": "sprite9",
                    "type_id": "Sprite",
                    "locationX": 900,
                    "locationY": 400,
                    "scaleX": 0.2403846153846154,
                    "scaleY": 0.22026431718061674,
                    "rotation": 0.0,
                    "alpha": 255,
                    "sprite_file_path": "./resources/character/Jump_3.png",
                    "children": []
                },
                {
                    "node_id": "sprite10",
                    "type_id": "Sprite",
                    "locationX": 1000,
                    "locationY": 300,
                    "scaleX": 0.2403846153846154,
                    "scaleY": 0.22026431718061674,
                    "rotation": 0.0,
                    "alpha": 255,
                    "sprite_file_path": "./resources/character/Run_5.png",
                    "children": []
                },
                {
                    "node_id": "sprite11",
                    "type_id": "Sprite",
                    "locationX": 800,
                    "locationY": 300,
                    "scaleX": 0.2403846153846154,
                    "scaleY": 0.22026431718061674,
                    "rotation": 0.0,
                    "alpha": 255,
                    "sprite_file_path": "./resources/character/Jump_3.png",
                    "children": []
                },
                {
                    "node_id": "sprite12",
                    "type_id": "Sprite",
                    "locationX": 700,
                    "locationY": 400,
                    "scaleX": 0.2403846153846154,
                    "scaleY": 0.22026431718061674,
                    "rotation": 0.0,
                    "alpha": 255,
                    "sprite_file_path": "./resources/character/Run_10.png",
                    "children": []
                },
                {
                    "node_id": "sprite13",
                    "type_id": "Sprite",
                    "locationX": 600,
                    "locationY": 400,
                    "scaleX": 0.2403846153846154,
                    "scaleY": 0.22026431718061674,
                    "rotation": 0.0,
                    "alpha": 255,
                    "sprite_file_path": "./resources/character/Idle_2.png",
                    "children": []
                }
            ]
        }
    ]
}