{
    "node_id": "Root",
    "type_id": "DisplayObjectContainer",
    "locationX": 0,
    "locationY": 0,
    "scaleX": 1,
    "scaleY": 1,
    "rotation": 0,
    "alpha": 255,
    "sprite_file_path": "",
    "children": [
        {
            "node_id": "Background",
            "type_id": "DisplayObjectContainer",
            "locationX": 0,
            "locationY": 0,
            "scaleX": 1,
            "scaleY": 1,
            "rotation": 0,
            "alpha": 255,
            "sprite_file_path": "",
            "children" : [
                {
                    "node_id": "Bajoran Wormhole",
                    "type_id": "Sprite",
                    "locationX": 0,
                    "locationY": 300,
                    "scaleX": 10.0,
                    "scaleY": 10.0,
                    "rotation": 0,
                    "alpha": 255,
                    "sprite_file_path": "./resources/Scenes/room_two/wormhole.png",
                    "children": [
                    ]
                }
            ]
        },
        {
            "node_id": "Midground",
            "type_id": "DisplayObjectContainer",
            "locationX": 0,
            "locationY": 0,
            "scaleX": 1,
            "scaleY": 1,
            "rotation": 0,
            "alpha": 255,
            "sprite_file_path": "",
            "children": [
                {
                    "node_id": "Deep Space Nine",
                    "type_id": "Sprite",
                    "locationX": 603,
                    "locationY": 400,
                    "scaleX": 3.0,
                    "scaleY": 2.0,
                    "rotation": 0,
                    "alpha": 255,
                    "sprite_file_path": "./resources/Scenes/room_two/ds9.png",
                    "children": [
                    ]
                }
            ]
        },
        {
            "node_id": "Foreground",
            "type_id": "DisplayObjectContainer",
            "locationX": 0,
            "locationY": 0,
            "scaleX": 1,
            "scaleY": 1,
            "rotation": 0,
            "alpha": 255,
            "sprite_file_path": "",
            "children": [
                {
                    "node_id": "USS Defiant",
                    "type_id": "Sprite",
                    "locationX": 300,
                    "locationY": 600,
                    "scaleX": 2.0,
                    "scaleY": 1.0,
                    "rotation": 0,
                    "alpha": 255,
                    "sprite_file_path": "./resources/Scenes/room_two/defiant.png",
                    "children": [
                    ]
                }
            ]
                    
                    

        }
    ]
}