{
    "node_id": "Root",
    "type_id": "DisplayObjectContainer",
    "locationX": 0,
    "locationY": 0,
    "scaleX": 1.0,
    "scaleY": 1.0,
    "rotation": 0.0,
    "alpha": 255,
    "sprite_file_path": "",
    "children": [
        {
            "node_id": "Background",
            "type_id": "DisplayObjectContainer",
            "locationX": 0,
            "locationY": 0,
            "scaleX": 1.0,
            "scaleY": 1.0,
            "rotation": 0.0,
            "alpha": 255,
            "sprite_file_path": "./resources/Scenes/camera_demo/background.png",
            "children": []
        },
        {
            "node_id": "Midground",
            "type_id": "DisplayObjectContainer",
            "locationX": 0,
            "locationY": 0,
            "scaleX": 1.0,
            "scaleY": 1.0,
            "rotation": 0.0,
            "alpha": 255,
            "sprite_file_path": "",
            "children": []
        },
        {
            "node_id": "Foreground",
            "type_id": "DisplayObjectContainer",
            "locationX": 0,
            "locationY": 0,
            "scaleX": 1.0,
            "scaleY": 1.0,
            "rotation": 0.0,
            "alpha": 255,
            "sprite_file_path": "",
            "children": [
                {
                    "node_id": "Girl",
                    "type_id": "Sprite",
                    "locationX": 75,
                    "locationY": 275,
                    "scaleX": 0.10000000149011612,
                    "scaleY": 0.10000000149011612,
                    "rotation": 0.0,
                    "alpha": 255,
                    "sprite_file_path": "./resources/Scenes/camera_demo/Idle_1.png",
                    "children": []
                },
                {
                    "node_id": "sprite0",
                    "type_id": "Sprite",
                    "locationX": 1075,
                    "locationY": 525,
                    "scaleX": 1.0,
                    "scaleY": 1.0,
                    "rotation": 0.0,
                    "alpha": 255,
                    "sprite_file_path": "./resources/character/Idle_5.png",
                    "children": []
                },
                {
                    "node_id": "sprite1",
                    "type_id": "Sprite",
                    "locationX": 300,
                    "locationY": 450,
                    "scaleX": 0.3700000047683716,
                    "scaleY": 0.36000001430511477,
                    "rotation": 0.0,
                    "alpha": 255,
                    "sprite_file_path": "./resources/character/Jump_3.png",
                    "children": []
                },
                {
                    "node_id": "sprite2",
                    "type_id": "Sprite",
                    "locationX": -25,
                    "locationY": -225,
                    "scaleX": 1.0,
                    "scaleY": 1.0,
                    "rotation": 0.0,
                    "alpha": 255,
                    "sprite_file_path": "./resources/character/Idle_2.png",
                    "children": []
                },
                {
                    "node_id": "sprite3",
                    "type_id": "Sprite",
                    "locationX": -175,
                    "locationY": 625,
                    "scaleX": 1.0,
                    "scaleY": 1.0,
                    "rotation": 0.0,
                    "alpha": 255,
                    "sprite_file_path": "./resources/character/Idle_2.png",
                    "children": []
                },
                {
                    "node_id": "sprite4",
                    "type_id": "Sprite",
                    "locationX": 1250,
                    "locationY": 0,
                    "scaleX": 1.0,
                    "scaleY": 1.0,
                    "rotation": 0.0,
                    "alpha": 255,
                    "sprite_file_path": "./resources/character/Jump_3.png",
                    "children": []
                },
                {
                    "node_id": "sprite5",
                    "type_id": "Sprite",
                    "locationX": 700,
                    "locationY": 325,
                    "scaleX": 1.0,
                    "scaleY": 1.0,
                    "rotation": 0.0,
                    "alpha": 255,
                    "sprite_file_path": "./resources/character/Jump_23.png",
                    "children": []
                }
            ]
        }
    ]
}