{
    "node_id": "Root",
    "type_id": "DisplayObjectContainer",
    "locationX": 0,
    "locationY": 0,
    "scaleX": 1.0,
    "scaleY": 1.0,
    "rotation": 0.0,
    "alpha": 255,
    "sprite_file_path": "",
    "children": [
        {
            "node_id": "Background",
            "type_id": "DisplayObjectContainer",
            "locationX": 0,
            "locationY": 0,
            "scaleX": 1.0,
            "scaleY": 1.0,
            "rotation": 0.0,
            "alpha": 255,
            "sprite_file_path": "./resources/Scenes/camera_demo/background.png",
            "children": []
        },
        {
            "node_id": "Midground",
            "type_id": "DisplayObjectContainer",
            "locationX": 0,
            "locationY": 0,
            "scaleX": 1.0,
            "scaleY": 1.0,
            "rotation": 0.0,
            "alpha": 255,
            "sprite_file_path": "",
            "children": []
        },
        {
            "node_id": "Foreground",
            "type_id": "DisplayObjectContainer",
            "locationX": 0,
            "locationY": 0,
            "scaleX": 1.0,
            "scaleY": 1.0,
            "rotation": 0.0,
            "alpha": 255,
            "sprite_file_path": "",
            "children": [
                {
                    "node_id": "Girl",
                    "type_id": "Sprite",
                    "locationX": 0,
                    "locationY": 0,
                    "scaleX": 0.10000000149011612,
                    "scaleY": 0.10000000149011612,
                    "rotation": 0.0,
                    "alpha": 255,
                    "sprite_file_path": "./resources/Scenes/camera_demo/Idle_1.png",
                    "children": []
                },
                {
                    "node_id": "sprite0",
                    "type_id": "Sprite",
                    "locationX": 152,
                    "locationY": 148,
                    "scaleX": 0.25,
                    "scaleY": 0.22026431718061674,
                    "rotation": 0.0,
                    "alpha": 255,
                    "sprite_file_path": "./resources/character/Idle_15.png",
                    "children": []
                },
                {
                    "node_id": "sprite1",
                    "type_id": "Sprite",
                    "locationX": 439,
                    "locationY": 257,
                    "scaleX": 0.25,
                    "scaleY": 0.22026431718061674,
                    "rotation": 0.0,
                    "alpha": 255,
                    "sprite_file_path": "./resources/character/Idle_5.png",
                    "children": []
                },
                {
                    "node_id": "sprite2",
                    "type_id": "Sprite",
                    "locationX": 606,
                    "locationY": 300,
                    "scaleX": 0.25,
                    "scaleY": 0.22026431718061674,
                    "rotation": 0.0,
                    "alpha": 255,
                    "sprite_file_path": "./resources/character/Idle_2.png",
                    "children": []
                },
                {
                    "node_id": "sprite3",
                    "type_id": "Sprite",
                    "locationX": 40,
                    "locationY": 185,
                    "scaleX": 0.25,
                    "scaleY": 0.22026431718061674,
                    "rotation": 0.0,
                    "alpha": 255,
                    "sprite_file_path": "./resources/character/Jump_5.png",
                    "children": []
                },
                {
                    "node_id": "sprite4",
                    "type_id": "Sprite",
                    "locationX": 272,
                    "locationY": 225,
                    "scaleX": 0.25,
                    "scaleY": 0.22026431718061674,
                    "rotation": 0.0,
                    "alpha": 255,
                    "sprite_file_path": "./resources/character/Jump_3.png",
                    "children": []
                },
                {
                    "node_id": "sprite5",
                    "type_id": "Sprite",
                    "locationX": 533,
                    "locationY": 122,
                    "scaleX": 0.25,
                    "scaleY": 0.22026431718061674,
                    "rotation": 0.0,
                    "alpha": 255,
                    "sprite_file_path": "./resources/character/Jump_23.png",
                    "children": []
                },
                {
                    "node_id": "sprite6",
                    "type_id": "Sprite",
                    "locationX": 329,
                    "locationY": 70,
                    "scaleX": 0.25,
                    "scaleY": 0.22026431718061674,
                    "rotation": 0.0,
                    "alpha": 255,
                    "sprite_file_path": "./resources/character/Jump_3.png",
                    "children": []
                }
            ]
        }
    ]
}