{
    "node_id": "Root",
    "type_id": "DisplayObjectContainer",
    "locationX": 0,
    "locationY": 0,
    "scaleX": 1.0,
    "scaleY": 1.0,
    "rotation": 0.0,
    "alpha": 255,
    "sprite_file_path": "",
    "children": [
        {
            "node_id": "Background",
            "type_id": "DisplayObjectContainer",
            "locationX": 0,
            "locationY": 0,
            "scaleX": 1.0,
            "scaleY": 1.0,
            "rotation": 0.0,
            "alpha": 255,
            "sprite_file_path": "",
            "children": [
                {
                    "node_id": "sprite0",
                    "type_id": "AnimatedSprite",
                    "locationX": 0,
                    "locationY": 0,
                    "scaleX": 1.0,
                    "scaleY": 1.0,
                    "rotation": 0.0,
                    "alpha": 255,
                    "sprite_file_path": "resources/Sprites/page_bg.png",
                    "children": []
                }
            ]
        },
        {
            "node_id": "Midground",
            "type_id": "DisplayObjectContainer",
            "locationX": 0,
            "locationY": 0,
            "scaleX": 1.0,
            "scaleY": 1.0,
            "rotation": 0.0,
            "alpha": 255,
            "sprite_file_path": "",
            "children": []
        },
        {
            "node_id": "Foreground",
            "type_id": "DisplayObjectContainer",
            "locationX": 0,
            "locationY": 0,
            "scaleX": 1.0,
            "scaleY": 1.0,
            "rotation": 0.0,
            "alpha": 255,
            "sprite_file_path": "",
            "children": [
                {
                    "node_id": "sprite3",
                    "type_id": "AnimatedSprite",
                    "locationX": -150,
                    "locationY": 1150,
                    "scaleX": 0.7099999785423279,
                    "scaleY": 0.6499999761581421,
                    "rotation": 0.0,
                    "alpha": 255,
                    "sprite_file_path": "resources/Sprites/coffee_stains/coffeestain3.png",
                    "children": []
                },
                {
                    "node_id": "sprite2",
                    "type_id": "AnimatedSprite",
                    "locationX": -125,
                    "locationY": 1125,
                    "scaleX": 0.4000000059604645,
                    "scaleY": 0.4099999964237213,
                    "rotation": 0.0,
                    "alpha": 255,
                    "sprite_file_path": "resources/Sprites/coffee_stains/coffeestain4.png",
                    "children": []
                },
                {
                    "node_id": "sprite10",
                    "type_id": "AnimatedSprite",
                    "locationX": 350,
                    "locationY": 25,
                    "scaleX": 1.0,
                    "scaleY": 1.0,
                    "rotation": 0.0,
                    "alpha": 255,
                    "sprite_file_path": "resources/Sprites/titles/area2/anim_6.png",
                    "children": []
                },
                {
                    "node_id": "sprite13",
                    "type_id": "AnimatedSprite",
                    "locationX": 850,
                    "locationY": 1350,
                    "scaleX": 0.7200000286102295,
                    "scaleY": 1.0,
                    "rotation": 0.0,
                    "alpha": 255,
                    "sprite_file_path": "resources/Sprites/platforms/short1.PNG",
                    "children": []
                },
                {
                    "node_id": "sprite9",
                    "type_id": "AnimatedSprite",
                    "locationX": 975,
                    "locationY": 1350,
                    "scaleX": 0.11999999731779099,
                    "scaleY": 0.1599999964237213,
                    "rotation": 0.0,
                    "alpha": 255,
                    "sprite_file_path": "resources/Sprites/objects/paintbrush/paintbrush_1.png",
                    "children": []
                },
                {
                    "node_id": "sprite8",
                    "type_id": "AnimatedSprite",
                    "locationX": 950,
                    "locationY": 1525,
                    "scaleX": 1.0,
                    "scaleY": 1.0,
                    "rotation": 0.0,
                    "alpha": 255,
                    "sprite_file_path": "resources/Sprites/objects/box.png",
                    "children": []
                },
                {
                    "node_id": "sprite7",
                    "type_id": "AnimatedSprite",
                    "locationX": 1050,
                    "locationY": 1450,
                    "scaleX": 1.0,
                    "scaleY": 1.0,
                    "rotation": 0.0,
                    "alpha": 255,
                    "sprite_file_path": "resources/Sprites/enemies/glitch.png",
                    "children": []
                },
                {
                    "node_id": "sprite12",
                    "type_id": "AnimatedSprite",
                    "locationX": 0,
                    "locationY": 1125,
                    "scaleX": 1.1200000047683716,
                    "scaleY": 1.0,
                    "rotation": 0.0,
                    "alpha": 255,
                    "sprite_file_path": "resources/Sprites/platforms/med1.PNG",
                    "children": []
                },
                {
                    "node_id": "sprite16",
                    "type_id": "AnimatedSprite",
                    "locationX": 0,
                    "locationY": 800,
                    "scaleX": 1.2999999523162842,
                    "scaleY": 1.0,
                    "rotation": 0.0,
                    "alpha": 255,
                    "sprite_file_path": "resources/Sprites/platforms/med1.PNG",
                    "children": []
                },
                {
                    "node_id": "sprite17",
                    "type_id": "AnimatedSprite",
                    "locationX": 175,
                    "locationY": 750,
                    "scaleX": 1.0,
                    "scaleY": 1.0,
                    "rotation": 0.0,
                    "alpha": 255,
                    "sprite_file_path": "resources/Sprites/objects/box.png",
                    "children": []
                },
                {
                    "node_id": "sprite18",
                    "type_id": "AnimatedSprite",
                    "locationX": 200,
                    "locationY": 475,
                    "scaleX": 0.2199999988079071,
                    "scaleY": 0.25,
                    "rotation": 0.0,
                    "alpha": 255,
                    "sprite_file_path": "resources/Sprites/objects/paintbrush/paintbrush_1.png",
                    "children": []
                },
                {
                    "node_id": "sprite21",
                    "type_id": "AnimatedSprite",
                    "locationX": 0,
                    "locationY": 450,
                    "scaleX": 1.1100000143051148,
                    "scaleY": 1.0,
                    "rotation": 0.0,
                    "alpha": 255,
                    "sprite_file_path": "resources/Sprites/platforms/med1.PNG",
                    "children": []
                },
                {
                    "node_id": "sprite22",
                    "type_id": "AnimatedSprite",
                    "locationX": 1025,
                    "locationY": 325,
                    "scaleX": 0.4099999964237213,
                    "scaleY": 1.0,
                    "rotation": 0.0,
                    "alpha": 255,
                    "sprite_file_path": "resources/Sprites/platforms/short1.PNG",
                    "children": []
                },
                {
                    "node_id": "sprite23",
                    "type_id": "AnimatedSprite",
                    "locationX": 1100,
                    "locationY": 325,
                    "scaleX": 0.18000000715255738,
                    "scaleY": 0.1899999976158142,
                    "rotation": 0.0,
                    "alpha": 255,
                    "sprite_file_path": "resources/Sprites/objects/paintbrush/paintbrush_1.png",
                    "children": []
                },
                {
                    "node_id": "sprite24",
                    "type_id": "AnimatedSprite",
                    "locationX": 1100,
                    "locationY": 750,
                    "scaleX": 1.0,
                    "scaleY": 1.0,
                    "rotation": 0.0,
                    "alpha": 255,
                    "sprite_file_path": "resources/Sprites/objects/box.png",
                    "children": []
                },
                {
                    "node_id": "sprite25",
                    "type_id": "AnimatedSprite",
                    "locationX": 700,
                    "locationY": 675,
                    "scaleX": 0.4099999964237213,
                    "scaleY": 0.41999998688697817,
                    "rotation": 0.0,
                    "alpha": 255,
                    "sprite_file_path": "resources/Sprites/objects/lamp.png",
                    "children": []
                },
                {
                    "node_id": "sprite14",
                    "type_id": "AnimatedSprite",
                    "locationX": 725,
                    "locationY": 1000,
                    "scaleX": 0.4000000059604645,
                    "scaleY": 0.44999998807907107,
                    "rotation": 0.0,
                    "alpha": 255,
                    "sprite_file_path": "resources/Sprites/objects/lamp.png",
                    "children": []
                },
                {
                    "node_id": "sprite26",
                    "type_id": "AnimatedSprite",
                    "locationX": 675,
                    "locationY": 325,
                    "scaleX": 0.41999998688697817,
                    "scaleY": 0.4699999988079071,
                    "rotation": 0.0,
                    "alpha": 255,
                    "sprite_file_path": "resources/Sprites/objects/lamp.png",
                    "children": []
                },
                {
                    "node_id": "sprite27",
                    "type_id": "AnimatedSprite",
                    "locationX": 50,
                    "locationY": 675,
                    "scaleX": 1.0,
                    "scaleY": 1.0,
                    "rotation": 0.0,
                    "alpha": 255,
                    "sprite_file_path": "resources/Sprites/enemies/glitch.png",
                    "children": []
                },
                {
                    "node_id": "player",
                    "type_id": "AnimatedSprite",
                    "locationX": 75,
                    "locationY": 200,
                    "scaleX": 0.07999999821186066,
                    "scaleY": 0.10000000149011612,
                    "rotation": 0.0,
                    "alpha": 255,
                    "sprite_file_path": "resources/Sprites/character/idle_1.png",
                    "children": []
                },
                {
                    "node_id": "sprite6",
                    "type_id": "AnimatedSprite",
                    "locationX": 750,
                    "locationY": 1325,
                    "scaleX": 0.6299999952316284,
                    "scaleY": 0.5024999856948882,
                    "rotation": 0.0,
                    "alpha": 255,
                    "sprite_file_path": "resources/Sprites/coffee_stains/coffeestain11.png",
                    "children": []
                },
                {
                    "node_id": "sprite4",
                    "type_id": "AnimatedSprite",
                    "locationX": 700,
                    "locationY": 1100,
                    "scaleX": 0.4625000000000106,
                    "scaleY": 0.4550000000000106,
                    "rotation": 0.0,
                    "alpha": 255,
                    "sprite_file_path": "resources/Sprites/objects/flag.PNG",
                    "children": []
                },
                {
                    "node_id": "sprite4",
                    "type_id": "AnimatedSprite",
                    "locationX": 175,
                    "locationY": 1150,
                    "scaleX": 0.4099999964237213,
                    "scaleY": 0.44999998807907107,
                    "rotation": 0.0,
                    "alpha": 255,
                    "sprite_file_path": "resources/Sprites/coffee_stains/coffeestain7.png",
                    "children": []
                }
            ]
        }
    ]
}