{
    "node_id": "Root",
    "type_id": "DisplayObjectContainer",
    "locationX": 0,
    "locationY": 0,
    "scaleX": 1.0,
    "scaleY": 1.0,
    "rotation": 0.0,
    "alpha": 255,
    "sprite_file_path": "",
    "children": [
        {
            "node_id": "Background",
            "type_id": "DisplayObjectContainer",
            "locationX": 0,
            "locationY": 0,
            "scaleX": 1.0,
            "scaleY": 1.0,
            "rotation": 0.0,
            "alpha": 255,
            "sprite_file_path": "",
            "children": [
                {
                    "node_id": "sprite0",
                    "type_id": "AnimatedSprite",
                    "locationX": 0,
                    "locationY": 0,
                    "scaleX": 1.0,
                    "scaleY": 1.0,
                    "rotation": 0.0,
                    "alpha": 255,
                    "sprite_file_path": "resources/Sprites/page_bg.png",
                    "children": []
                }
            ]
        },
        {
            "node_id": "Midground",
            "type_id": "DisplayObjectContainer",
            "locationX": 0,
            "locationY": 0,
            "scaleX": 1.0,
            "scaleY": 1.0,
            "rotation": 0.0,
            "alpha": 255,
            "sprite_file_path": "",
            "children": []
        },
        {
            "node_id": "Foreground",
            "type_id": "DisplayObjectContainer",
            "locationX": 0,
            "locationY": 0,
            "scaleX": 1.0,
            "scaleY": 1.0,
            "rotation": 0.0,
            "alpha": 255,
            "sprite_file_path": "",
            "children": [
                {
                    "node_id": "sprite15",
                    "type_id": "AnimatedSprite",
                    "locationX": 175,
                    "locationY": 1425,
                    "scaleX": 0.550000011920929,
                    "scaleY": 1.0,
                    "rotation": 0.0,
                    "alpha": 255,
                    "sprite_file_path": "resources/Sprites/platforms/short1.PNG",
                    "children": []
                },
                {
                    "node_id": "sprite20",
                    "type_id": "AnimatedSprite",
                    "locationX": 750,
                    "locationY": 1475,
                    "scaleX": 0.5899999737739563,
                    "scaleY": 1.0,
                    "rotation": 0.0,
                    "alpha": 255,
                    "sprite_file_path": "resources/Sprites/platforms/short1.PNG",
                    "children": []
                },
                {
                    "node_id": "sprite21",
                    "type_id": "AnimatedSprite",
                    "locationX": 550,
                    "locationY": 1350,
                    "scaleX": 0.5600000023841858,
                    "scaleY": 1.0,
                    "rotation": 0.0,
                    "alpha": 255,
                    "sprite_file_path": "resources/Sprites/platforms/short1.PNG",
                    "children": []
                },
                {
                    "node_id": "sprite27",
                    "type_id": "AnimatedSprite",
                    "locationX": 450,
                    "locationY": 1225,
                    "scaleX": 0.5799999833106995,
                    "scaleY": 1.0,
                    "rotation": 0.0,
                    "alpha": 255,
                    "sprite_file_path": "resources/Sprites/platforms/short1.PNG",
                    "children": []
                },
                {
                    "node_id": "sprite22",
                    "type_id": "AnimatedSprite",
                    "locationX": 0,
                    "locationY": 1275,
                    "scaleX": 0.550000011920929,
                    "scaleY": 1.0,
                    "rotation": 0.0,
                    "alpha": 255,
                    "sprite_file_path": "resources/Sprites/platforms/short1.PNG",
                    "children": []
                },
                {
                    "node_id": "sprite19",
                    "type_id": "AnimatedSprite",
                    "locationX": 175,
                    "locationY": 1100,
                    "scaleX": 0.5600000023841858,
                    "scaleY": 1.0,
                    "rotation": 0.0,
                    "alpha": 255,
                    "sprite_file_path": "resources/Sprites/platforms/short1.PNG",
                    "children": []
                },
                {
                    "node_id": "sprite8",
                    "type_id": "AnimatedSprite",
                    "locationX": 600,
                    "locationY": 1000,
                    "scaleX": 0.5799999833106995,
                    "scaleY": 1.0,
                    "rotation": 0.0,
                    "alpha": 255,
                    "sprite_file_path": "resources/Sprites/platforms/short1.PNG",
                    "children": []
                },
                {
                    "node_id": "sprite26",
                    "type_id": "AnimatedSprite",
                    "locationX": 250,
                    "locationY": 925,
                    "scaleX": 0.5299999713897705,
                    "scaleY": 1.0,
                    "rotation": 0.0,
                    "alpha": 255,
                    "sprite_file_path": "resources/Sprites/platforms/short1.PNG",
                    "children": []
                },
                {
                    "node_id": "sprite29",
                    "type_id": "AnimatedSprite",
                    "locationX": 575,
                    "locationY": 850,
                    "scaleX": 0.550000011920929,
                    "scaleY": 1.0,
                    "rotation": 0.0,
                    "alpha": 255,
                    "sprite_file_path": "resources/Sprites/platforms/short1.PNG",
                    "children": []
                },
                {
                    "node_id": "sprite18",
                    "type_id": "AnimatedSprite",
                    "locationX": 25,
                    "locationY": 800,
                    "scaleX": 0.49000000953674319,
                    "scaleY": 1.0,
                    "rotation": 0.0,
                    "alpha": 255,
                    "sprite_file_path": "resources/Sprites/platforms/short1.PNG",
                    "children": []
                },
                {
                    "node_id": "sprite24",
                    "type_id": "AnimatedSprite",
                    "locationX": 400,
                    "locationY": 675,
                    "scaleX": 0.5299999713897705,
                    "scaleY": 1.0,
                    "rotation": 0.0,
                    "alpha": 255,
                    "sprite_file_path": "resources/Sprites/platforms/short1.PNG",
                    "children": []
                },
                {
                    "node_id": "sprite9",
                    "type_id": "AnimatedSprite",
                    "locationX": 875,
                    "locationY": 700,
                    "scaleX": 0.5299999713897705,
                    "scaleY": 1.0,
                    "rotation": 0.0,
                    "alpha": 255,
                    "sprite_file_path": "resources/Sprites/platforms/short1.PNG",
                    "children": []
                },
                {
                    "node_id": "sprite25",
                    "type_id": "AnimatedSprite",
                    "locationX": 100,
                    "locationY": 575,
                    "scaleX": 0.46000000834465029,
                    "scaleY": 1.0,
                    "rotation": 0.0,
                    "alpha": 255,
                    "sprite_file_path": "resources/Sprites/platforms/short1.PNG",
                    "children": []
                },
                {
                    "node_id": "sprite23",
                    "type_id": "AnimatedSprite",
                    "locationX": 450,
                    "locationY": 450,
                    "scaleX": 0.5600000023841858,
                    "scaleY": 1.0,
                    "rotation": 0.0,
                    "alpha": 255,
                    "sprite_file_path": "resources/Sprites/platforms/short1.PNG",
                    "children": []
                },
                {
                    "node_id": "sprite16",
                    "type_id": "AnimatedSprite",
                    "locationX": 175,
                    "locationY": 425,
                    "scaleX": 0.49000000953674319,
                    "scaleY": 1.0,
                    "rotation": 0.0,
                    "alpha": 255,
                    "sprite_file_path": "resources/Sprites/platforms/short1.PNG",
                    "children": []
                },
                {
                    "node_id": "sprite17",
                    "type_id": "AnimatedSprite",
                    "locationX": 875,
                    "locationY": 500,
                    "scaleX": 0.5,
                    "scaleY": 1.0,
                    "rotation": 0.0,
                    "alpha": 255,
                    "sprite_file_path": "resources/Sprites/platforms/short1.PNG",
                    "children": []
                },
                {
                    "node_id": "sprite10",
                    "type_id": "AnimatedSprite",
                    "locationX": 675,
                    "locationY": 325,
                    "scaleX": 0.5199999809265137,
                    "scaleY": 1.0,
                    "rotation": 0.0,
                    "alpha": 255,
                    "sprite_file_path": "resources/Sprites/platforms/short1.PNG",
                    "children": []
                },
                {
                    "node_id": "sprite12",
                    "type_id": "AnimatedSprite",
                    "locationX": 975,
                    "locationY": 200,
                    "scaleX": 0.550000011920929,
                    "scaleY": 1.0,
                    "rotation": 0.0,
                    "alpha": 255,
                    "sprite_file_path": "resources/Sprites/platforms/short1.PNG",
                    "children": []
                },
                {
                    "node_id": "sprite11",
                    "type_id": "AnimatedSprite",
                    "locationX": 0,
                    "locationY": 250,
                    "scaleX": 0.5799999833106995,
                    "scaleY": 1.0,
                    "rotation": 0.0,
                    "alpha": 255,
                    "sprite_file_path": "resources/Sprites/platforms/short1.PNG",
                    "children": []
                },
                {
                    "node_id": "sprite28",
                    "type_id": "AnimatedSprite",
                    "locationX": 875,
                    "locationY": 1100,
                    "scaleX": 0.6100000143051148,
                    "scaleY": 1.0,
                    "rotation": 0.0,
                    "alpha": 255,
                    "sprite_file_path": "resources/Sprites/platforms/short1.PNG",
                    "children": []
                },
                {
                    "node_id": "sprite13",
                    "type_id": "AnimatedSprite",
                    "locationX": 950,
                    "locationY": 1275,
                    "scaleX": 0.5899999737739563,
                    "scaleY": 1.0,
                    "rotation": 0.0,
                    "alpha": 255,
                    "sprite_file_path": "resources/Sprites/platforms/short1.PNG",
                    "children": []
                },
                {
                    "node_id": "sprite1",
                    "type_id": "AnimatedSprite",
                    "locationX": 350,
                    "locationY": 0,
                    "scaleX": 0.8100000023841858,
                    "scaleY": 0.8199999928474426,
                    "rotation": 0.0,
                    "alpha": 255,
                    "sprite_file_path": "resources/Sprites/titles/area2/anim_5.PNG",
                    "children": []
                },
                {
                    "node_id": "sprite5",
                    "type_id": "AnimatedSprite",
                    "locationX": 800,
                    "locationY": 75,
                    "scaleX": 1.9700000286102296,
                    "scaleY": 2.0199999809265138,
                    "rotation": 0.0,
                    "alpha": 255,
                    "sprite_file_path": "resources/Sprites/enemies/glitch.png",
                    "children": []
                },
                {
                    "node_id": "sprite30",
                    "type_id": "AnimatedSprite",
                    "locationX": -200,
                    "locationY": -100,
                    "scaleX": 0.6200000047683716,
                    "scaleY": 0.6600000262260437,
                    "rotation": 0.0,
                    "alpha": 255,
                    "sprite_file_path": "resources/Sprites/objects/flag.PNG",
                    "children": []
                },
                {
                    "node_id": "sprite31",
                    "type_id": "AnimatedSprite",
                    "locationX": 750,
                    "locationY": 475,
                    "scaleX": 0.41999998688697817,
                    "scaleY": 0.46000000834465029,
                    "rotation": 0.0,
                    "alpha": 255,
                    "sprite_file_path": "resources/Sprites/objects/power_up.PNG",
                    "children": []
                },
                {
                    "node_id": "sprite32",
                    "type_id": "AnimatedSprite",
                    "locationX": 50,
                    "locationY": 1400,
                    "scaleX": 1.5299999713897706,
                    "scaleY": 1.5499999523162842,
                    "rotation": 0.0,
                    "alpha": 255,
                    "sprite_file_path": "resources/Sprites/enemies/glitch.png",
                    "children": []
                },
                {
                    "node_id": "player",
                    "type_id": "AnimatedSprite",
                    "locationX": 1025,
                    "locationY": 25,
                    "scaleX": 0.057500000000010268,
                    "scaleY": 0.06500000000001027,
                    "rotation": 0.0,
                    "alpha": 255,
                    "sprite_file_path": "resources/Sprites/character/idle_1.png",
                    "children": []
                }
            ]
        }
    ]
}