{
    "node_id": "Root",
    "type_id": "DisplayObjectContainer",
    "locationX": 0,
    "locationY": 0,
    "scaleX": 1.0,
    "scaleY": 1.0,
    "rotation": 0.0,
    "alpha": 255,
    "sprite_file_path": "",
    "children": [
        {
            "node_id": "Background",
            "type_id": "DisplayObjectContainer",
            "locationX": 0,
            "locationY": 0,
            "scaleX": 1.0,
            "scaleY": 1.0,
            "rotation": 0.0,
            "alpha": 255,
            "sprite_file_path": "",
            "children": [
                {
                    "node_id": "sprite0",
                    "type_id": "AnimatedSprite",
                    "locationX": 0,
                    "locationY": 0,
                    "scaleX": 1.0,
                    "scaleY": 1.0,
                    "rotation": 0.0,
                    "alpha": 255,
                    "sprite_file_path": "resources/Sprites/page_bg.png",
                    "children": []
                }
            ]
        },
        {
            "node_id": "Midground",
            "type_id": "DisplayObjectContainer",
            "locationX": 0,
            "locationY": 0,
            "scaleX": 1.0,
            "scaleY": 1.0,
            "rotation": 0.0,
            "alpha": 255,
            "sprite_file_path": "",
            "children": []
        },
        {
            "node_id": "Foreground",
            "type_id": "DisplayObjectContainer",
            "locationX": 0,
            "locationY": 0,
            "scaleX": 1.0,
            "scaleY": 1.0,
            "rotation": 0.0,
            "alpha": 255,
            "sprite_file_path": "",
            "children": [
                {
                    "node_id": "sprite9",
                    "type_id": "AnimatedSprite",
                    "locationX": 0,
                    "locationY": 525,
                    "scaleX": 0.5,
                    "scaleY": 0.5099999904632568,
                    "rotation": 0.0,
                    "alpha": 255,
                    "sprite_file_path": "resources/Sprites/objects/eraser/eraser1.PNG",
                    "children": []
                },
                {
                    "node_id": "sprite10",
                    "type_id": "AnimatedSprite",
                    "locationX": 100,
                    "locationY": 525,
                    "scaleX": 0.4699999988079071,
                    "scaleY": 0.4699999988079071,
                    "rotation": 0.0,
                    "alpha": 255,
                    "sprite_file_path": "resources/Sprites/objects/eraser/eraser1.PNG",
                    "children": []
                },
                {
                    "node_id": "sprite11",
                    "type_id": "AnimatedSprite",
                    "locationX": 200,
                    "locationY": 525,
                    "scaleX": 0.44999998807907107,
                    "scaleY": 0.44999998807907107,
                    "rotation": 0.0,
                    "alpha": 255,
                    "sprite_file_path": "resources/Sprites/objects/eraser/eraser1.PNG",
                    "children": []
                },
                {
                    "node_id": "sprite15",
                    "type_id": "AnimatedSprite",
                    "locationX": 800,
                    "locationY": 525,
                    "scaleX": 0.4699999988079071,
                    "scaleY": 0.47999998927116396,
                    "rotation": 0.0,
                    "alpha": 255,
                    "sprite_file_path": "resources/Sprites/objects/eraser/eraser1.PNG",
                    "children": []
                },
                {
                    "node_id": "sprite18",
                    "type_id": "AnimatedSprite",
                    "locationX": 900,
                    "locationY": 525,
                    "scaleX": 0.4300000071525574,
                    "scaleY": 0.47999998927116396,
                    "rotation": 0.0,
                    "alpha": 255,
                    "sprite_file_path": "resources/Sprites/objects/eraser/eraser1.PNG",
                    "children": []
                },
                {
                    "node_id": "sprite19",
                    "type_id": "AnimatedSprite",
                    "locationX": 1000,
                    "locationY": 525,
                    "scaleX": 0.44999998807907107,
                    "scaleY": 0.4699999988079071,
                    "rotation": 0.0,
                    "alpha": 255,
                    "sprite_file_path": "resources/Sprites/objects/eraser/eraser1.PNG",
                    "children": []
                },
                {
                    "node_id": "sprite12",
                    "type_id": "AnimatedSprite",
                    "locationX": 300,
                    "locationY": 525,
                    "scaleX": 0.4699999988079071,
                    "scaleY": 0.4699999988079071,
                    "rotation": 0.0,
                    "alpha": 255,
                    "sprite_file_path": "resources/Sprites/objects/eraser/eraser1.PNG",
                    "children": []
                },
                {
                    "node_id": "sprite25",
                    "type_id": "AnimatedSprite",
                    "locationX": 700,
                    "locationY": 800,
                    "scaleX": 0.49000000953674319,
                    "scaleY": 0.49000000953674319,
                    "rotation": 0.0,
                    "alpha": 255,
                    "sprite_file_path": "resources/Sprites/objects/eraser/eraser1.PNG",
                    "children": []
                },
                {
                    "node_id": "sprite29",
                    "type_id": "AnimatedSprite",
                    "locationX": 825,
                    "locationY": 800,
                    "scaleX": 0.4300000071525574,
                    "scaleY": 0.4300000071525574,
                    "rotation": 0.0,
                    "alpha": 255,
                    "sprite_file_path": "resources/Sprites/objects/eraser/eraser1.PNG",
                    "children": []
                },
                {
                    "node_id": "sprite23",
                    "type_id": "AnimatedSprite",
                    "locationX": 925,
                    "locationY": 775,
                    "scaleX": 0.5,
                    "scaleY": 0.5099999904632568,
                    "rotation": 0.0,
                    "alpha": 255,
                    "sprite_file_path": "resources/Sprites/objects/eraser/eraser1.PNG",
                    "children": []
                },
                {
                    "node_id": "sprite24",
                    "type_id": "AnimatedSprite",
                    "locationX": 1050,
                    "locationY": 750,
                    "scaleX": 0.5099999904632568,
                    "scaleY": 0.550000011920929,
                    "rotation": 0.0,
                    "alpha": 255,
                    "sprite_file_path": "resources/Sprites/objects/eraser/eraser1.PNG",
                    "children": []
                },
                {
                    "node_id": "sprite20",
                    "type_id": "AnimatedSprite",
                    "locationX": 0,
                    "locationY": 850,
                    "scaleX": 0.4300000071525574,
                    "scaleY": 0.5299999713897705,
                    "rotation": 0.0,
                    "alpha": 255,
                    "sprite_file_path": "resources/Sprites/objects/eraser/eraser1.PNG",
                    "children": []
                },
                {
                    "node_id": "sprite28",
                    "type_id": "AnimatedSprite",
                    "locationX": 100,
                    "locationY": 825,
                    "scaleX": 0.5400000214576721,
                    "scaleY": 0.6000000238418579,
                    "rotation": 0.0,
                    "alpha": 255,
                    "sprite_file_path": "resources/Sprites/objects/eraser/eraser1.PNG",
                    "children": []
                },
                {
                    "node_id": "sprite26",
                    "type_id": "AnimatedSprite",
                    "locationX": 225,
                    "locationY": 800,
                    "scaleX": 0.44999998807907107,
                    "scaleY": 0.6499999761581421,
                    "rotation": 0.0,
                    "alpha": 255,
                    "sprite_file_path": "resources/Sprites/objects/eraser/eraser1.PNG",
                    "children": []
                },
                {
                    "node_id": "sprite27",
                    "type_id": "AnimatedSprite",
                    "locationX": 325,
                    "locationY": 800,
                    "scaleX": 0.5199999809265137,
                    "scaleY": 0.6200000047683716,
                    "rotation": 0.0,
                    "alpha": 255,
                    "sprite_file_path": "resources/Sprites/objects/eraser/eraser1.PNG",
                    "children": []
                },
                {
                    "node_id": "sprite21",
                    "type_id": "AnimatedSprite",
                    "locationX": 0,
                    "locationY": 1125,
                    "scaleX": 0.47999998927116396,
                    "scaleY": 0.5,
                    "rotation": 0.0,
                    "alpha": 255,
                    "sprite_file_path": "resources/Sprites/objects/eraser/eraser1.PNG",
                    "children": []
                },
                {
                    "node_id": "sprite13",
                    "type_id": "AnimatedSprite",
                    "locationX": 400,
                    "locationY": 525,
                    "scaleX": 0.5099999904632568,
                    "scaleY": 0.49000000953674319,
                    "rotation": 0.0,
                    "alpha": 255,
                    "sprite_file_path": "resources/Sprites/objects/eraser/eraser1.PNG",
                    "children": []
                },
                {
                    "node_id": "sprite14",
                    "type_id": "AnimatedSprite",
                    "locationX": 525,
                    "locationY": 525,
                    "scaleX": 0.4399999976158142,
                    "scaleY": 0.44999998807907107,
                    "rotation": 0.0,
                    "alpha": 255,
                    "sprite_file_path": "resources/Sprites/objects/eraser/eraser1.PNG",
                    "children": []
                },
                {
                    "node_id": "sprite32",
                    "type_id": "AnimatedSprite",
                    "locationX": 100,
                    "locationY": 1100,
                    "scaleX": 0.4699999988079071,
                    "scaleY": 0.5299999713897705,
                    "rotation": 0.0,
                    "alpha": 255,
                    "sprite_file_path": "resources/Sprites/objects/eraser/eraser1.PNG",
                    "children": []
                },
                {
                    "node_id": "sprite30",
                    "type_id": "AnimatedSprite",
                    "locationX": 200,
                    "locationY": 1100,
                    "scaleX": 0.5299999713897705,
                    "scaleY": 0.5299999713897705,
                    "rotation": 0.0,
                    "alpha": 255,
                    "sprite_file_path": "resources/Sprites/objects/eraser/eraser1.PNG",
                    "children": []
                },
                {
                    "node_id": "sprite33",
                    "type_id": "AnimatedSprite",
                    "locationX": 325,
                    "locationY": 1100,
                    "scaleX": 0.44999998807907107,
                    "scaleY": 0.5099999904632568,
                    "rotation": 0.0,
                    "alpha": 255,
                    "sprite_file_path": "resources/Sprites/objects/eraser/eraser1.PNG",
                    "children": []
                },
                {
                    "node_id": "sprite31",
                    "type_id": "AnimatedSprite",
                    "locationX": 425,
                    "locationY": 1125,
                    "scaleX": 0.4699999988079071,
                    "scaleY": 0.4699999988079071,
                    "rotation": 0.0,
                    "alpha": 255,
                    "sprite_file_path": "resources/Sprites/objects/eraser/eraser1.PNG",
                    "children": []
                },
                {
                    "node_id": "sprite22",
                    "type_id": "AnimatedSprite",
                    "locationX": 525,
                    "locationY": 1125,
                    "scaleX": 0.5199999809265137,
                    "scaleY": 0.5199999809265137,
                    "rotation": 0.0,
                    "alpha": 255,
                    "sprite_file_path": "resources/Sprites/objects/eraser/eraser1.PNG",
                    "children": []
                },
                {
                    "node_id": "sprite36",
                    "type_id": "AnimatedSprite",
                    "locationX": 0,
                    "locationY": 1450,
                    "scaleX": 0.49000000953674319,
                    "scaleY": 0.5199999809265137,
                    "rotation": 0.0,
                    "alpha": 255,
                    "sprite_file_path": "resources/Sprites/objects/eraser/eraser1.PNG",
                    "children": []
                },
                {
                    "node_id": "sprite37",
                    "type_id": "AnimatedSprite",
                    "locationX": 100,
                    "locationY": 1450,
                    "scaleX": 0.47999998927116396,
                    "scaleY": 0.4699999988079071,
                    "rotation": 0.0,
                    "alpha": 255,
                    "sprite_file_path": "resources/Sprites/objects/eraser/eraser1.PNG",
                    "children": []
                },
                {
                    "node_id": "sprite39",
                    "type_id": "AnimatedSprite",
                    "locationX": 200,
                    "locationY": 1450,
                    "scaleX": 0.5,
                    "scaleY": 0.5099999904632568,
                    "rotation": 0.0,
                    "alpha": 255,
                    "sprite_file_path": "resources/Sprites/objects/eraser/eraser1.PNG",
                    "children": []
                },
                {
                    "node_id": "sprite38",
                    "type_id": "AnimatedSprite",
                    "locationX": 325,
                    "locationY": 1450,
                    "scaleX": 0.44999998807907107,
                    "scaleY": 0.44999998807907107,
                    "rotation": 0.0,
                    "alpha": 255,
                    "sprite_file_path": "resources/Sprites/objects/eraser/eraser1.PNG",
                    "children": []
                },
                {
                    "node_id": "sprite34",
                    "type_id": "AnimatedSprite",
                    "locationX": 425,
                    "locationY": 1450,
                    "scaleX": 0.47999998927116396,
                    "scaleY": 0.49000000953674319,
                    "rotation": 0.0,
                    "alpha": 255,
                    "sprite_file_path": "resources/Sprites/objects/eraser/eraser1.PNG",
                    "children": []
                },
                {
                    "node_id": "sprite35",
                    "type_id": "AnimatedSprite",
                    "locationX": 525,
                    "locationY": 1450,
                    "scaleX": 0.47999998927116396,
                    "scaleY": 0.49000000953674319,
                    "rotation": 0.0,
                    "alpha": 255,
                    "sprite_file_path": "resources/Sprites/objects/eraser/eraser1.PNG",
                    "children": []
                },
                {
                    "node_id": "sprite40",
                    "type_id": "AnimatedSprite",
                    "locationX": 625,
                    "locationY": 1450,
                    "scaleX": 0.46000000834465029,
                    "scaleY": 0.4699999988079071,
                    "rotation": 0.0,
                    "alpha": 255,
                    "sprite_file_path": "resources/Sprites/objects/eraser/eraser1.PNG",
                    "children": []
                },
                {
                    "node_id": "sprite43",
                    "type_id": "AnimatedSprite",
                    "locationX": 725,
                    "locationY": 1450,
                    "scaleX": 0.49000000953674319,
                    "scaleY": 0.47999998927116396,
                    "rotation": 0.0,
                    "alpha": 255,
                    "sprite_file_path": "resources/Sprites/objects/eraser/eraser1.PNG",
                    "children": []
                },
                {
                    "node_id": "sprite42",
                    "type_id": "AnimatedSprite",
                    "locationX": 900,
                    "locationY": 1125,
                    "scaleX": 0.5299999713897705,
                    "scaleY": 0.550000011920929,
                    "rotation": 0.0,
                    "alpha": 255,
                    "sprite_file_path": "resources/Sprites/objects/eraser/eraser1.PNG",
                    "children": []
                },
                {
                    "node_id": "sprite41",
                    "type_id": "AnimatedSprite",
                    "locationX": 1025,
                    "locationY": 1125,
                    "scaleX": 0.5400000214576721,
                    "scaleY": 0.5400000214576721,
                    "rotation": 0.0,
                    "alpha": 255,
                    "sprite_file_path": "resources/Sprites/objects/eraser/eraser1.PNG",
                    "children": []
                },
                {
                    "node_id": "player",
                    "type_id": "AnimatedSprite",
                    "locationX": 50,
                    "locationY": -25,
                    "scaleX": 0.10000000149011612,
                    "scaleY": 0.10999999940395355,
                    "rotation": 0.0,
                    "alpha": 255,
                    "sprite_file_path": "resources/Sprites/character/idle_1.png",
                    "children": []
                },
                {
                    "node_id": "sprite44",
                    "type_id": "AnimatedSprite",
                    "locationX": 325,
                    "locationY": 150,
                    "scaleX": 0.1474999964237213,
                    "scaleY": 0.20000000298023225,
                    "rotation": 0.0,
                    "alpha": 255,
                    "sprite_file_path": "resources/Sprites/objects/power_up.PNG",
                    "children": []
                },
                {
                    "node_id": "sprite8",
                    "type_id": "AnimatedSprite",
                    "locationX": 0,
                    "locationY": 275,
                    "scaleX": 1.3974999523162875,
                    "scaleY": 1.0,
                    "rotation": 0.0,
                    "alpha": 255,
                    "sprite_file_path": "resources/Sprites/platforms/short1.PNG",
                    "children": []
                },
                {
                    "node_id": "sprite1",
                    "type_id": "AnimatedSprite",
                    "locationX": 450,
                    "locationY": 0,
                    "scaleX": 0.5725000000000091,
                    "scaleY": 0.5900000000000087,
                    "rotation": 0.0,
                    "alpha": 255,
                    "sprite_file_path": "resources/Sprites/titles/area2/anim_7.PNG",
                    "children": []
                }
            ]
        }
    ]
}