{
    "node_id": "Root",
    "type_id": "DisplayObjectContainer",
    "locationX": 0,
    "locationY": 0,
    "scaleX": 1.0,
    "scaleY": 1.0,
    "rotation": 0.0,
    "alpha": 255,
    "sprite_file_path": "",
    "children": [
        {
            "node_id": "Background",
            "type_id": "DisplayObjectContainer",
            "locationX": 0,
            "locationY": 0,
            "scaleX": 1.0,
            "scaleY": 1.0,
            "rotation": 0.0,
            "alpha": 255,
            "sprite_file_path": "",
            "children": [
                {
                    "node_id": "sprite0",
                    "type_id": "AnimatedSprite",
                    "locationX": 0,
                    "locationY": 0,
                    "scaleX": 1.0,
                    "scaleY": 1.0,
                    "rotation": 0.0,
                    "alpha": 255,
                    "sprite_file_path": "resources/Sprites/page_bg.png",
                    "children": []
                }
            ]
        },
        {
            "node_id": "Midground",
            "type_id": "DisplayObjectContainer",
            "locationX": 0,
            "locationY": 0,
            "scaleX": 1.0,
            "scaleY": 1.0,
            "rotation": 0.0,
            "alpha": 255,
            "sprite_file_path": "",
            "children": []
        },
        {
            "node_id": "Foreground",
            "type_id": "DisplayObjectContainer",
            "locationX": 0,
            "locationY": 0,
            "scaleX": 1.0,
            "scaleY": 1.0,
            "rotation": 0.0,
            "alpha": 255,
            "sprite_file_path": "",
            "children": [
                {
                    "node_id": "sprite11",
                    "type_id": "AnimatedSprite",
                    "locationX": 0,
                    "locationY": 1550,
                    "scaleX": 0.95,
                    "scaleY": 1.0,
                    "rotation": 0.0,
                    "alpha": 255,
                    "sprite_file_path": "resources/Sprites/platforms/long1.PNG",
                    "children": []
                },
                {
                    "node_id": "sprite14",
                    "type_id": "AnimatedSprite",
                    "locationX": 950,
                    "locationY": 875,
                    "scaleX": 0.6699999999999997,
                    "scaleY": 0.6799999999999997,
                    "rotation": 0.0,
                    "alpha": 255,
                    "sprite_file_path": "resources/Sprites/platforms/cloud.PNG",
                    "children": []
                },
                {
                    "node_id": "cloud1",
                    "type_id": "AnimatedSprite",
                    "locationX": 125,
                    "locationY": 1350,
                    "scaleX": 0.6799999999999997,
                    "scaleY": 0.6899999999999997,
                    "rotation": 0.0,
                    "alpha": 255,
                    "sprite_file_path": "resources/Sprites/platforms/cloud.PNG",
                    "children": []
                },
                {
                    "node_id": "cloud2",
                    "type_id": "AnimatedSprite",
                    "locationX": 400,
                    "locationY": 1350,
                    "scaleX": 0.6999999999999997,
                    "scaleY": 0.6799999999999997,
                    "rotation": 0.0,
                    "alpha": 255,
                    "sprite_file_path": "resources/Sprites/platforms/cloud.PNG",
                    "children": []
                },
                {
                    "node_id": "could3",
                    "type_id": "AnimatedSprite",
                    "locationX": 650,
                    "locationY": 1375,
                    "scaleX": 0.6499999999999997,
                    "scaleY": 0.6399999999999997,
                    "rotation": 0.0,
                    "alpha": 255,
                    "sprite_file_path": "resources/Sprites/platforms/cloud.PNG",
                    "children": []
                },
                {
                    "node_id": "cloud4",
                    "type_id": "AnimatedSprite",
                    "locationX": 900,
                    "locationY": 1400,
                    "scaleX": 0.6299999999999997,
                    "scaleY": 0.6299999999999997,
                    "rotation": 0.0,
                    "alpha": 255,
                    "sprite_file_path": "resources/Sprites/platforms/cloud.PNG",
                    "children": []
                },
                {
                    "node_id": "cloud5",
                    "type_id": "AnimatedSprite",
                    "locationX": 400,
                    "locationY": 1150,
                    "scaleX": 0.6999999999999997,
                    "scaleY": 0.6999999999999997,
                    "rotation": 0.0,
                    "alpha": 255,
                    "sprite_file_path": "resources/Sprites/platforms/cloud.PNG",
                    "children": []
                },
                {
                    "node_id": "cloud6",
                    "type_id": "AnimatedSprite",
                    "locationX": 950,
                    "locationY": 1150,
                    "scaleX": 0.6399999999999997,
                    "scaleY": 0.6299999999999997,
                    "rotation": 0.0,
                    "alpha": 255,
                    "sprite_file_path": "resources/Sprites/platforms/cloud.PNG",
                    "children": []
                },
                {
                    "node_id": "cloud7",
                    "type_id": "AnimatedSprite",
                    "locationX": 125,
                    "locationY": 1000,
                    "scaleX": 0.7099999999999997,
                    "scaleY": 0.7299999999999998,
                    "rotation": 0.0,
                    "alpha": 255,
                    "sprite_file_path": "resources/Sprites/platforms/cloud.PNG",
                    "children": []
                },
                {
                    "node_id": "cloud8",
                    "type_id": "AnimatedSprite",
                    "locationX": 675,
                    "locationY": 1025,
                    "scaleX": 0.6299999999999997,
                    "scaleY": 0.6399999999999997,
                    "rotation": 0.0,
                    "alpha": 255,
                    "sprite_file_path": "resources/Sprites/platforms/cloud.PNG",
                    "children": []
                },
                {
                    "node_id": "cloud10",
                    "type_id": "AnimatedSprite",
                    "locationX": 425,
                    "locationY": 825,
                    "scaleX": 0.6499999999999997,
                    "scaleY": 0.6799999999999997,
                    "rotation": 0.0,
                    "alpha": 255,
                    "sprite_file_path": "resources/Sprites/platforms/cloud.PNG",
                    "children": []
                },
                {
                    "node_id": "cloud11",
                    "type_id": "AnimatedSprite",
                    "locationX": 150,
                    "locationY": 700,
                    "scaleX": 0.6799999999999997,
                    "scaleY": 0.6799999999999997,
                    "rotation": 0.0,
                    "alpha": 255,
                    "sprite_file_path": "resources/Sprites/platforms/cloud.PNG",
                    "children": []
                },
                {
                    "node_id": "cloud12",
                    "type_id": "AnimatedSprite",
                    "locationX": 675,
                    "locationY": 700,
                    "scaleX": 0.6299999999999997,
                    "scaleY": 0.6199999999999997,
                    "rotation": 0.0,
                    "alpha": 255,
                    "sprite_file_path": "resources/Sprites/platforms/cloud.PNG",
                    "children": []
                },
                {
                    "node_id": "cloud13",
                    "type_id": "AnimatedSprite",
                    "locationX": 425,
                    "locationY": 525,
                    "scaleX": 0.6899999999999997,
                    "scaleY": 0.6899999999999997,
                    "rotation": 0.0,
                    "alpha": 255,
                    "sprite_file_path": "resources/Sprites/platforms/cloud.PNG",
                    "children": []
                },
                {
                    "node_id": "sprite1",
                    "type_id": "AnimatedSprite",
                    "locationX": 350,
                    "locationY": 25,
                    "scaleX": 1.0,
                    "scaleY": 1.0,
                    "rotation": 0.0,
                    "alpha": 255,
                    "sprite_file_path": "resources/Sprites/titles/area2/anim_3.PNG",
                    "children": []
                },
                {
                    "node_id": "sprite20",
                    "type_id": "AnimatedSprite",
                    "locationX": 775,
                    "locationY": 1300,
                    "scaleX": 0.5299999999999996,
                    "scaleY": 0.5399999999999996,
                    "rotation": 0.0,
                    "alpha": 255,
                    "sprite_file_path": "resources/Sprites/objects/sprite_can.PNG",
                    "children": []
                },
                {
                    "node_id": "sprite21",
                    "type_id": "AnimatedSprite",
                    "locationX": 1025,
                    "locationY": 1325,
                    "scaleX": 0.5199999999999996,
                    "scaleY": 0.5099999999999996,
                    "rotation": 0.0,
                    "alpha": 255,
                    "sprite_file_path": "resources/Sprites/objects/sprite_can.PNG",
                    "children": []
                },
                {
                    "node_id": "sprite23",
                    "type_id": "AnimatedSprite",
                    "locationX": 1075,
                    "locationY": 1075,
                    "scaleX": 0.5299999999999996,
                    "scaleY": 0.5699999999999996,
                    "rotation": 0.0,
                    "alpha": 255,
                    "sprite_file_path": "resources/Sprites/objects/sprite_can.PNG",
                    "children": []
                },
                {
                    "node_id": "sprite25",
                    "type_id": "AnimatedSprite",
                    "locationX": 775,
                    "locationY": 950,
                    "scaleX": 0.5499999999999996,
                    "scaleY": 0.5599999999999996,
                    "rotation": 0.0,
                    "alpha": 255,
                    "sprite_file_path": "resources/Sprites/objects/sprite_can.PNG",
                    "children": []
                },
                {
                    "node_id": "sprite27",
                    "type_id": "AnimatedSprite",
                    "locationX": 1025,
                    "locationY": 800,
                    "scaleX": 0.5499999999999996,
                    "scaleY": 0.5899999999999996,
                    "rotation": 0.0,
                    "alpha": 255,
                    "sprite_file_path": "resources/Sprites/objects/sprite_can.PNG",
                    "children": []
                },
                {
                    "node_id": "sprite29",
                    "type_id": "AnimatedSprite",
                    "locationX": 800,
                    "locationY": 625,
                    "scaleX": 0.5299999999999996,
                    "scaleY": 0.5399999999999996,
                    "rotation": 0.0,
                    "alpha": 255,
                    "sprite_file_path": "resources/Sprites/objects/sprite_can.PNG",
                    "children": []
                },
                {
                    "node_id": "sprite30",
                    "type_id": "AnimatedSprite",
                    "locationX": 525,
                    "locationY": 450,
                    "scaleX": 0.5299999999999996,
                    "scaleY": 0.5799999999999996,
                    "rotation": 0.0,
                    "alpha": 255,
                    "sprite_file_path": "resources/Sprites/objects/sprite_can.PNG",
                    "children": []
                },
                {
                    "node_id": "sprite28",
                    "type_id": "AnimatedSprite",
                    "locationX": 225,
                    "locationY": 625,
                    "scaleX": 0.5699999999999996,
                    "scaleY": 0.5699999999999996,
                    "rotation": 0.0,
                    "alpha": 255,
                    "sprite_file_path": "resources/Sprites/objects/sprite_can.PNG",
                    "children": []
                },
                {
                    "node_id": "sprite26",
                    "type_id": "AnimatedSprite",
                    "locationX": 500,
                    "locationY": 750,
                    "scaleX": 0.5399999999999996,
                    "scaleY": 0.5699999999999996,
                    "rotation": 0.0,
                    "alpha": 255,
                    "sprite_file_path": "resources/Sprites/objects/sprite_can.PNG",
                    "children": []
                },
                {
                    "node_id": "sprite19",
                    "type_id": "AnimatedSprite",
                    "locationX": 525,
                    "locationY": 1300,
                    "scaleX": 0.5399999999999996,
                    "scaleY": 0.5099999999999996,
                    "rotation": 0.0,
                    "alpha": 255,
                    "sprite_file_path": "resources/Sprites/objects/sprite_can.PNG",
                    "children": []
                },
                {
                    "node_id": "sprite24",
                    "type_id": "AnimatedSprite",
                    "locationX": 250,
                    "locationY": 925,
                    "scaleX": 0.5699999999999996,
                    "scaleY": 0.5499999999999996,
                    "rotation": 0.0,
                    "alpha": 255,
                    "sprite_file_path": "resources/Sprites/objects/sprite_can.PNG",
                    "children": []
                },
                {
                    "node_id": "sprite22",
                    "type_id": "AnimatedSprite",
                    "locationX": 500,
                    "locationY": 1075,
                    "scaleX": 0.5599999999999996,
                    "scaleY": 0.5499999999999996,
                    "rotation": 0.0,
                    "alpha": 255,
                    "sprite_file_path": "resources/Sprites/objects/sprite_can.PNG",
                    "children": []
                },
                {
                    "node_id": "sprite18",
                    "type_id": "AnimatedSprite",
                    "locationX": 275,
                    "locationY": 1300,
                    "scaleX": 0.5099999999999996,
                    "scaleY": 0.5299999999999996,
                    "rotation": 0.0,
                    "alpha": 255,
                    "sprite_file_path": "resources/Sprites/objects/sprite_can.PNG",
                    "children": []
                },
                {
                    "node_id": "player",
                    "type_id": "AnimatedSprite",
                    "locationX": 150,
                    "locationY": 1150,
                    "scaleX": 0.07999999999999925,
                    "scaleY": 0.09999999999999924,
                    "rotation": 0.0,
                    "alpha": 255,
                    "sprite_file_path": "resources/Sprites/character/idle_1.png",
                    "children": []
                }
            ]
        }
    ]
}